01/01/26	FB - Chuyện của Hà Nội	Nguyễn Đức Trọng			"""4302611796636913.mp4"							
01/01/26	FB - Chuyện của Hà Nội	Nguyễn Đức Trọng	Thời khắc bạn nhìn thấy pháo hoa của năm 2026, mọi thứ bắt đầu rực rỡ hơn rồi!  Năm nay, nhất định rực rỡ, nhất định nhiều cố gắng, nhất định nhiều thành công, nhé!  2026, thật đẹp nhé!  | Video: Ngọc Ánh gửi về Chuyện của Hà Nội				Vũ	1				
01/01/26	FB - Chuyện của Hà Nội	Nguyễn Đức Trọng	BKD oiii				Vũ					
01/01/26	FB - Chuyện của Hà Nội	Minh Vũ					Vũ					
01/01/26	FB - Chuyện của Hà Nội	Nguyễn Đức Trọng	Lại cái có logo add vào thui hẹ				Vũ					
01/01/26	FB - Chuyện của Hà Nội	Nguyễn Đức Trọng			"""732652809458481.mp4"							
01/01/26	FB - Chuyện của Hà Nội	Le Thu Huong	Cậu quên đóng logo rui @Giang Uyên				Vũ	1				
01/01/26	FB - Chuyện của Hà Nội	Tưởng Quỳnh Nga	- Alo, bé thay đồ anh chở đi chơi - Thôi em lười lắm  - Dậy make up xinh đẹp đi First date  - Giờ còn First date gìiiii - First date in year. Hẹn hò đầu năm rùi lấy vía để năm nay thương nhauu nhìuuu hơn  Phấn đấu nhé, để người có người thương thì vẫn thương nhau, người chưa có thì năm nay sẽ sớm tìm thấy nhau giữa biển người. Để được tay trong tay ngắm nhìn một năm, được cùng nhau phấn đấu và nỗ lực trưởng thành.  | Na	"""2099474204123404.jpg"								
01/01/26	FB - Chuyện của Hà Nội	Minh Vũ					Vũ					
01/01/26	FB - Chuyện của Hà Nội	Minh Vũ					Vũ					
01/01/26	FB - Chuyện của Hà Nội	Tuan Dinh Zin	Chính thức từ 1/1/2026: Lương nhà giáo được xếp cao nhất trong thang bậc lương hành chính sự nghiệp			https://tuoitre.vn/tin-tuc-sang-1-1-2026-luong-nha-giao-duoc-xep-cao-nhat-trong-thang-bac-luong-hanh-chinh-su-nghiep-20251231225359723.htm	Vũ	1				
01/01/26	FB - Chuyện của Hà Nội	Tuan Dinh Zin		"""1195641209367747.jpg"								
01/01/26	FB - Chuyện của Hà Nội	Le Thu Huong	Xếp ở nhóm cao nhất a ah, a sửa lại title chút				Vũ					
01/01/26	FB - Chuyện của Hà Nội	Le Thu Huong	Tuoitre giật ghê quá				Vũ					
01/01/26	FB - Chuyện của Hà Nội	Minh Vũ					Vũ					
01/01/26	FB - Chuyện của Hà Nội	Giang Uyên	Từ 1/1/2026, mua bán dữ liệu cá nhân có thể bị phạt tới 3 tỉ đồng				Vũ	1				
01/01/26	FB - Chuyện của Hà Nội	Giang Uyên				https://tuoitre.vn/tu-ngay-1-1-2026-ban-du-lieu-ca-nhan-se-bi-phat-gap-10-lan-so-tien-thu-duoc-20251231182327257.htm	Vũ					
01/01/26	FB - Chuyện của Hà Nội	Giang Uyên		"""1369913517559144.jpg"								
01/01/26	FB - Chuyện của Hà Nội	Giang Uyên	bkd ơi				Vũ					
01/01/26	FB - Chuyện của Hà Nội	Le Thu Huong	Hy vọng không còn bị spam				Vũ	1				
01/01/26	FB - Chuyện của Hà Nội	Le Thu Huong	Thêm vào cap nhé e				Vũ	1				
01/01/26	FB - Chuyện của Hà Nội	Dương Nguyễn					Vũ					
01/01/26	FB - Chuyện của Hà Nội	Giang Uyên	Hy vọng không còn bị spam : Từ 1/1/2026, mua bán dữ liệu cá nhân có thể bị phạt tới 3 tỉ đồng				Vũ	1				
01/01/26	FB - Chuyện của Hà Nội	Giang Uyên	Dạ em lại ạ				Vũ					
01/01/26	FB - Chuyện của Hà Nội	Minh Vũ					Vũ					
01/01/26	FB - Chuyện của Hà Nội	Giang Uyên	Cả năm bôn ba, đến lễ Tết chỉ mong được về nhà.  Không phải về để làm gì to tát. Chỉ là ăn một bữa cơm đủ người, ngồi nghe bố mẹ nói chuyện hàng xóm xa gần, được ông bà lấy ra cho những gói bánh gói kẹo cất trong tủ. Những con người giản đơn ấy, chẳng biết từ lúc nào lại trở nên đẹp đẽ hơn cả những điều mình từng theo đuổi.  Lớn rồi, mình càng ngày càng cảm nhận được rằng một bữa cơm cùng gia đình đủ người ngon hơn mọi sơn hào mỹ vị.   Và khi đi xa nhiều, lại càng hiểu, số lần nhìn thấy người có thể gặp thì ngày càng nhiều, mà người muốn gặp thì ngày càng ít. Thế nên là, những ngày được ở nhà bỗng nhiên trở thành thứ cần được giữ gìn và trân trọng lắm.  Lễ Tết, suy cho cùng, cũng chỉ cần vậy. Thế thôi là hạnh phúc rồi.  | Guyen.	"""1990838478449272.jpg"								
01/01/26	FB - Chuyện của Hà Nội	Minh Vũ					Vũ					
01/01/26	FB - Chuyện của Hà Nội	Nguyễn Đức Trọng	Biết ngay mà, chưa gì đã đòi tua nhanh qua 2027 luôn rồi mà 😌				Vũ	1				
01/01/26	FB - Chuyện của Hà Nội	Nguyễn Đức Trọng	Bkd oii				Vũ					
01/01/26	FB - Chuyện của Hà Nội	Minh Vũ					Vũ					
01/01/26	FB - Chuyện của Hà Nội	Nguyen Ngoc	Manifest 2026 có một tình yêu: nhẹ nhàng, chân thành và không rời đi. Mình không muốn gặp những người thất hứa nữa, mình cần một người tử tế sợ mình đau.  Đến nhé, cùng 2026, mình chờ ❤️  _Mận_ 📸: em.pdi	"""722520834267409.jpg"								
01/01/26	FB - Chuyện của Hà Nội	Minh Vũ					Vũ					
01/01/26	FB - Chuyện của Hà Nội	Nguyen Ngoc	Thử thách với bạn thân Sang 2026, ai có người yêu trước được 10 triệu				Vũ	1				
01/01/26	FB - Chuyện của Hà Nội	Minh Vũ					Vũ					
01/01/26	FB - Chuyện của Hà Nội	Giang Uyên	Cuối cùng thì, chuyến tàu mang số hiệu 2026 cũng đã chính thức khởi hành.  Viết ra đây những điều mình mong mỏi cho năm mới, coi như là tự nhắc mình.  Mong mình bản lĩnh hơn, mạnh mẽ hơn để không hoảng loạn trước những điều chưa kiểm soát được.  Mong mình vẫn giữ được sự tử tế, nhưng biết đặt ranh giới cho lòng tốt của bản thân.  Mong mình có công việc để cố gắng, có gia đình để trở về, bố mẹ nhiều sức khoẻ, và có vài người ở lại với mình thật lâu.  Mong mình biết dừng lại đúng lúc khi mệt, và đi tiếp khi còn có thể. Yêu thương và tôn trọng sức khoẻ, cảm xúc của bản thân nhiều hơn.  Mong những nỗ lực của mình sẽ được cuộc đời đáp lại, dù đến chậm thôi cũng được.  Và mong rằng, sau tất cả, mình vẫn là mình. Chỉ tốt hơn thôi.  Chuyến tàu đã lăn bánh rồi, 2026 ở phía trước.  Chúc cho mình, chúc cho tất cả chúng ta.  | Guyen. Ảnh: nguyễn mỹ linh	"""1502200744412235.jpg"								
01/01/26	FB - Chuyện của Hà Nội	Minh Vũ					Vũ					
01/01/26	FB - Chuyện của Hà Nội	Nguyen Ngoc	Minh Vũ ơi chị hỏi cái này về Tiktok đc k				Vũ					
01/01/26	FB - Chuyện của Hà Nội	Nguyen Ngoc	Chị up clip bị xoá xong báo là vi phạm nguyên tắc cộng đồng, clip bắn pháo hoa thôi				Vũ					
01/01/26	FB - Chuyện của Hà Nội	Le Thu Huong	@Nguyễn Đức Trọng  mấy dòng này aT làm thêm meme đi a				Vũ	1				
01/01/26	FB - Chuyện của Hà Nội	Minh Vũ	Thế c ấn nút appeal để nó xem xét lại nha				Vũ					
01/01/26	FB - Chuyện của Hà Nội	Minh Vũ	Clip bthuong thì ksao c				Vũ					
01/01/26	FB - Chuyện của Hà Nội	Nguyễn Đức Trọng	Ohe huu hụu				Vũ					
01/01/26	FB - Chuyện của Hà Nội	Nguyen Ngoc	Chỉ bắn pháo hoa đón giao thừa, mà nó xoá ngay tức khắc, sợ				Vũ					
01/01/26	FB - Chuyện của Hà Nội	Minh Vũ	Nó có báo vi phạm tiêu chuẩn cộng đồng gì không c				Vũ					
01/01/26	FB - Chuyện của Hà Nội	Minh Vũ	Hay c ghi chung chung là vi phạm thôi				Vũ					
01/01/26	FB - Chuyện của Hà Nội	Nguyen Ngoc		"""2984887788569342.jpg"								
01/01/26	FB - Chuyện của Hà Nội	Nguyen Ngoc	Chỉ như này á nên chị k biết là vì gì				Vũ					
01/01/26	FB - Chuyện của Hà Nội	Minh Vũ	Thế c cứ kháng đi, pháo hoa bình thường chắc là về clip thôi				Vũ					
01/01/26	FB - Chuyện của Hà Nội	Minh Vũ	Bên tiktok nó có luật firearm, explosives nếu là pháo hoa tự chế kphai của nhà nước				Vũ					
01/01/26	FB - Chuyện của Hà Nội	Minh Vũ	Chắc nó đánh nhầm hay gì đó 🥴				Vũ					
01/01/26	FB - Chuyện của Hà Nội	Nguyễn Đức Trọng	Đã đến lúc tính tuổi cho năm mới!  Vẫn như mình nhớ, mấy khứa 1996 đang học cấp 2 còn 2009 mới sinh năm ngoái ấy  nhỉ?	"1371979021066465.png
01/01/26	FB - Chuyện của Hà Nội	Nguyễn Đức Trọng	BKD oiii				Vũ	
01/01/26	FB - Chuyện của Hà Nội	Minh Vũ					Vũ	
01/01/26	FB - Chuyện của Hà Nội	Nguyễn Đức Trọng	""Có thể bạn còn đang thắc mắc: pháo hoa năm nay bắn sớm vào lúc 23h45 là vì dãy ""2 3 4 5"", để hướng về năm mới ""chỉ Tiến, không Lùi""! 🫰🎇"	"""1608196397004089.png"							
01/01/26	FB - Chuyện của Hà Nội	Nguyễn Đức Trọng	BKD oiiii				Vũ					
01/01/26	FB - Chuyện của Hà Nội	Minh Vũ					Vũ					
01/01/26	FB - Chuyện của Hà Nội	Tuan Dinh Zin		"1589418639036073.jpg
01/01/26	FB - Chuyện của Hà Nội	Tuan Dinh Zin	""Võ Thị Sáu lúc này  Dòng chữ in sau xe: ""Vợ em mới lấy bằng, thi 9 lần mới đỗ, xin thông cảm""   Ảnh: Ngô Tôn"				Vũ	1			
01/01/26	FB - Chuyện của Hà Nội	Nguyễn Hưng					Vũ					
01/01/26	FB - Chuyện của Hà Nội	Le Thu Huong	Có cái ảnh 2 hở tí biển đó ạ				Vũ					
01/01/26	FB - Chuyện của Hà Nội	Tuan Dinh Zin	Hở tí có sao đâu em, miễn ko lộ hết toàn bộ biển là oki mà				Vũ					
01/01/26	FB - Chuyện của Hà Nội	Tuan Dinh Zin		"""1591259341869404.jpg"								
01/01/26	FB - Chuyện của Hà Nội	Tuan Dinh Zin	Sau đúng 2 tháng cấm xe một chiều vào trung tâm để thi công, cầu Long Biên đã chính thức được tu sửa xong phần cần thiết.  Mong chờ thứ 2 đi lại con đường thân quen quá 🥰   Ảnh: Npp Minh Đức				Vũ	1				
01/01/26	FB - Chuyện của Hà Nội	Nguyen Ngoc	Dạ nay ngày hội toàn Hà Nội đạp vịt ạ?  Cả 2025 kêu ế mà 2026 lộ ra ai cũng iu đương, bịp thật 🤡  📸: Trn V Chung	"""916482704152610.jpg"								
01/01/26	FB - Chuyện của Hà Nội	Hoang Tuấn Anh	https://m.facebook.com/story.php?story_fbid=pfbid02isyiVgLHs51p1h6bYh6WhmepE698EzqdgwQtuxv6SCi86dwpNicLTaq7oGE6oRDRl&id=100044106323019				Vũ	1				
01/01/26	FB - Chuyện của Hà Nội	Tưởng Quỳnh Nga	Chiều hoàng hôn rủ xuống nhàn nhạt trước sân ga. Nắng vàng nghiêng xiên qua ô cửa sổ tàu, ánh lên một màu vàng nhạt như tan ra, không chói lọi, rực rỡ như hoàng hôn ngày hạ mà ấm áp, yên bình để người ta muốn đứng yên thêm chút nữa.   Phố xá bớt ồn ào, gió thổi nhẹ, mang theo mùi của một năm vừa bắt đầu chưa rõ hình hài, nhưng đầy hứa hẹn phía ngày xa  | Na  📸 Thi Gai Nguyen	"""878085665157456.jpg"								
01/01/26	FB - Chuyện của Hà Nội	Tưởng Quỳnh Nga	Bkd uiii check giúp em vớiii ạ				Vũ					
01/01/26	FB - Chuyện của Hà Nội	Minh Vũ					Vũ					
01/01/26	FB - Chuyện của Hà Nội	Minh Vũ					Vũ					
01/01/26	FB - Chuyện của Hà Nội	Minh Vũ					Vũ					
01/01/26	FB - Chuyện của Hà Nội	Minh Vũ					Vũ					
01/01/26	FB - Chuyện của Hà Nội	Giang Uyên	Bắt 'hiệp sĩ' Nguyễn Thanh Hải vì lợi dụng giải cứu người từ Campuchia để cưỡng đoạt tài sản 16,7 tỉ				Vũ	1				
01/01/26	FB - Chuyện của Hà Nội	Giang Uyên				https://thanhnien.vn/bat-hiep-si-nguyen-thanh-hai-vi-loi-dung-giai-cuu-nguoi-tu-campuchia-de-cuong-doat-tai-san-185260101180552916.htm	Vũ					
01/01/26	FB - Chuyện của Hà Nội	Giang Uyên		"""1923883985224023.jpg"								
01/01/26	FB - Chuyện của Hà Nội	Giang Uyên		"""2108083919932756.jpg"								
01/01/26	FB - Chuyện của Hà Nội	Giang Uyên	Bkd ơii				Vũ					
01/01/26	FB - Chuyện của Hà Nội	Minh Vũ					Vũ					
01/01/26	FB - Chuyện của Hà Nội	Khánh Ly Nguyễn	Thật sự rất thích nhìn các công trình kiến trúc tâm linh đình đền chùa nằm giữa phố xá hà nội, một sự hiện diện đậm chất văn hoá phương đông nằm yên lặng giữa hơi thở hiện đại, đi qua đâu thấy bóng dáng cổng tam quan là mình lại ngó lại nhìn lâu thêm 1 tí 🫠				Vũ	1				
01/01/26	FB - Chuyện của Hà Nội	Khánh Ly Nguyễn		"""1176255944247458.jpg"								
01/01/26	FB - Chuyện của Hà Nội	Khánh Ly Nguyễn	/di sản + threads/				Vũ					
01/01/26	FB - Chuyện của Hà Nội	Le Thu Huong	Lên page thì note tên các địa điểm nhé @Khánh Ly Nguyễn				Vũ	1				
01/01/26	FB - Chuyện của Hà Nội	Minh Vũ					Vũ					
01/01/26	FB - Chuyện của Hà Nội	Khánh Ly Nguyễn	omg 🥲 em chỉ biết tên 1 chùa trong số các ảnh này thôi ạ, các đình đền khác đều để tên chữ Hán và không có biển tên tiếng Việt nên em không biết tên từng đình đền ạ 🥲				Vũ					
01/01/26	FB - Chuyện của Hà Nội	Tưởng Quỳnh Nga	Bkd ơi cho em xin ý kiến bài này với ạ				Vũ					
01/01/26	FB - Chuyện của Hà Nội	Tưởng Quỳnh Nga	Dấu yêu của tớ, mong cậu vui có người san sẻ, mệt có người dựa dẫm, đi muôn nẻo vạn dặm đều có người đồng hành   | Na  📸 tiktok: Ở đây tâm trạng cùng tớ	"""25967010076239929.jpg"								
01/01/26	FB - Chuyện của Hà Nội	Nguyễn Hưng					Vũ					
01/01/26	FB - Chuyện của Hà Nội	Tuan Dinh Zin	Bạn tôi ơi: Sử dụng thuốc lá điện tử, thuốc lá nung nóng bị phạt từ 3 triệu đồng đến 5 triệu đồng  (Hiệu lực từ 31/12/2025)				Vũ	1				
01/01/26	FB - Chuyện của Hà Nội	Tuan Dinh Zin				https://suckhoedoisong.vn/tu-nay-hut-thuoc-la-dien-tu-phat-den-5-trieu-chua-chap-phat-den-10-trieu-dong-169260101185251125.htm	Vũ					
01/01/26	FB - Chuyện của Hà Nội	Tuan Dinh Zin		"1414678570192972.jpg
01/01/26	FB - Chuyện của Hà Nội	Minh Vũ					Vũ	
01/01/26	FB - Chuyện của Hà Nội	Nguyen Ngoc	""2025, bạn đã sống hạnh phúc chưa? Nếu chưa, để 2026 bù đắp cho bạn nhé.  Hy vọng vào cuối 2026 khi đọc lại, bạn sẽ mỉm cười và tự nói với chính mình ""có, mình có hạnh phúc, cảm ơn cuộc đời mình""  _Mận_"	"""1238411618176656.jpg"							
01/01/26	FB - Chuyện của Hà Nội	Nguyễn Hưng					Vũ					
01/01/26	FB - Chuyện của Hà Nội	Le Thu Huong	https://www.facebook.com/share/p/1Bm3tA1R2C/?mibextid=wwXIfr				Vũ					
01/01/26	FB - Chuyện của Hà Nội	Minh Vũ					Vũ					
01/01/26	 Quảng Cáo	Nguyễn Nguyệt Ánh					Dũng					
01/01/26	 Quảng Cáo	Nguyễn Nguyệt Ánh					Dũng	1				
01/01/26	 Quảng Cáo	Nguyễn Nguyệt Ánh		"1203017865111368.jpg
01/01/26	 Quảng Cáo	Nguyễn Nguyệt Ánh	Chị gửi ảnh 3 bài nè check giúp c nhé				Dũng	
01/01/26	 Quảng Cáo	Nguyễn Nguyệt Ánh	Lại đổi cap nữa rùi thui duyệt lại giúp c nhé 🥲				Dũng	
01/01/26	 Quảng Cáo	Nguyễn Nguyệt Ánh	Beat   Saigon Marina IFC – Khi kiến trúc lên tiếng trong đêm giao thừa  Đêm Countdown 2026 là khoảnh khắc hiếm hoi mà kiến trúc không còn là phông nền. Saigon Marina IFC trở thành một sân khấu thẳng đứng đúng nghĩa.  Hệ thống LED Matrix bao phủ bốn mặt tòa tháp biến toàn bộ công trình thành một bề mặt trình diễn khổng lồ. Những lớp hình ảnh, ánh sáng kể lại câu chuyện Ba Son – từ di sản công nghiệp gắn với lịch sử Sài Gòn đến hình ảnh một trung tâm tài chính – thương mại quốc tế đang hình thành.  Sự kết hợp giữa kiến trúc, ánh sáng, âm nhạc và không gian đô thị tạo nên một trải nghiệm đa giác quan liền mạch, cho thấy cách một biểu tượng mới được giới thiệu đầy tinh tế trong đời sống thành phố. ---				Dũng	1
01/01/26	 Quảng Cáo	Nguyễn Nguyệt Ánh	Sgn  2.   Nếu giao thừa năm nay bạn không có mặt ở đây, coi lại là hiểu liền vì sao ai cũng nói ‘đã quá’…  Không cần giải thích nhiều, chỉ cần đứng giữa không gian Countdown 2026 là thấy khác ngay.  Saigon Marina IFC sáng rực với hệ thống LED phủ kín mặt đứng, nhạc nước cao đến 30m chuyển động theo âm nhạc, kết hợp hệ âm thanh và ánh sáng được dàn dựng kỹ lưỡng. Mọi thứ được đẩy lên cao trào đúng khoảnh khắc đếm ngược.  Và khi pháo hoa bùng nổ từ tầng 55, cảm giác chung của rất nhiều người là: nổi da gà. Một trải nghiệm giao thừa trọn vẹn, đúng nghĩa lễ hội đô thị hiện đại. ----				Dũng	1
01/01/26	 Quảng Cáo	Nguyễn Nguyệt Ánh	Kkn  3.  Khoảnh khắc pháo hoa từ tầng 55 Saigon Marina IFC thắp sáng bầu trời TP.HCM  Pháo hoa giao thừa thì năm nào cũng có. Nhưng pháo hoa bắn từ tầng 55 của một tòa tháp giữa trung tâm thành phố thì đúng là hiếm.  Saigon Marina IFC mang đến một màn chào năm mới cực kỳ ấn tượng. Pháo hoa tầm cao kết hợp ánh sáng phủ trọn công trình khiến cả khu vực trung tâm như bừng sáng trong vài phút ngắn ngủi.  Đứng từ xa hay gần đều cảm nhận được sự hoành tráng. Một khoảnh khắc mà coi xong là biết chắc: giao thừa năm nay mình sẽ nhớ rất lâu. -----				Dũng	1
01/01/26	 Quảng Cáo	Nguyễn Nguyệt Ánh	Beat now  4 Saigon Marina IFC – Điểm hẹn mới đón chào năm mới 2026 đầy ấn tượng  Countdown 2026 không chỉ là sự kiện lễ hội, mà còn là màn ra mắt chính thức của Saigon Marina IFC trước công chúng thành phố.  Là công trình đầu tiên thuộc Trung tâm Tài chính Quốc tế TP.HCM, việc tòa tháp này trở thành tâm điểm đêm giao thừa mang nhiều ý nghĩa. Nó cho thấy vai trò hạt nhân của công trình trong định hướng phát triển mới của đô thị.  Từ vị trí, quy mô đến cách tổ chức sự kiện, Saigon Marina IFC xuất hiện rất rõ nét như một landmark mới của TP.HCM. -----				Dũng	1
01/01/26	 Quảng Cáo	Tuấn Dũng					Dũng	1
01/01/26	 Quảng Cáo	Tuấn Dũng					Dũng	1
01/01/26	 Quảng Cáo	Tô Thu Trang	""Beatvn   BẢO TÍN MẠNH HẢI HOẠT ĐỘNG XUYÊN LỄ - PHỤC VỤ QUÝ KHÁCH MUA SẮM TIỂU KIM CÁT 0,1 CHỈ  Nhằm đáp ứng nhu cầu mua sắm vàng tích lũy đầu năm và phục vụ Quý khách thuận tiện trong dịp lễ, Bảo Tín Mạnh Hải trân trọng thông báo: hệ thống cửa hàng hoạt động xuyên lễ, sẵn sàng phục vụ Quý khách đến tham quan và mua sắm BST Tùng - Cúc - Trúc - Mai (0,1 chỉ).  BST mang thông điệp cát lành và lời chúc may mắn đầu năm với Tùng (bền chí, trường thọ), Cúc (an nhiên, đủ đầy), Trúc (chính trực, vươn cao), Mai (khai lộc, mở vận mới). Sản phẩm ứng dụng công nghệ đúc và khắc laser 3D hiện đại, thể hiện chi tiết sắc nét, đồng thời được kiểm định nghiêm ngặt, đảm bảo chuẩn xác về trọng lượng và hàm lượng vàng, thuận tiện giao dịch trong toàn hệ thống Bảo Tín Mạnh Hải.  📍 Một số lưu ý nhỏ quý khách hàng đừng nên bỏ qua: - Thứ tự phục vụ theo nguyên tắc ""Khách đến trước – phục vụ trước"". - Số lượng sản phẩm có giới hạn theo từng cửa hàng/ngày. - Áp dụng đối với khách hàng mua trực tiếp tại cửa hàng. - Đối với khách hàng ra cửa hàng ở thời điểm đã hết số lượng giới hạn: Nhận đặt hàng, sản phẩm sẽ được trả sau 90 ngày. - Cửa hàng Bảo Tín Mạnh Hải - Aeon Mall Long Biên sẽ dừng phục vụ vàng tích lũy bắt đầu từ ngày 01/01/2026."	"871610209010533.jpg
01/01/26	 Quảng Cáo	Tô Thu Trang					Dũng	1
01/01/26	 Quảng Cáo	Tô Thu Trang	Page CCHN   BTMH chính thức mở bán Vàng 0.1 chỉ trên toàn hệ thống  Sau thời gian thử nghiệm và nhận được sự yêu mến, ủng hộ của người dân, thương hiệu BTMH đã chính thức mở bán sản phẩm Tiểu Kim Cát 0.1 chỉ.   Chỉ với 1.5 triệu đồng, người dân đã có thể sở hữu Sản phẩm nằm trong bộ sưu tập Tứ Quý Thịnh Vượng với thiết kế Tùng - Cúc - Trúc - Mai tinh tế và đặc biệt không tính tiền công.  Các hình ảnh mới nhất tại các cửa hàng của Bảo Tín Mạnh Hải đang cho thấy sức nóng của Tiểu Kim Cát và hói quen tích luỹ, mua vàng lấy may đầu năm của người dân.				Dũng	1
01/01/26	 Quảng Cáo	Nguyễn Nguyệt Ánh	Check giúp chị cái Home credit nàh được ko nhé  - Caption: Mọi thứ sẽ hoá điên lên nếu Tết nào cũng chỉ có một người gồng gánh.   Tết là dịp để mọi người cùng nhau chia sẻ, góp nên những rộn ràng, niềm vui, và những món quà vô giá cho gia đình của mình. Đây không phải là trách nhiệm hay áp lực của bất cứ cá nhân nào.   Vì vậy, thông qua thước phim ngắn, Home Credit đã truyền đi thông điệp tích cực như một lời động viên và kêu gọi những người yêu thương cùng chung tay góp sức cho sự đủ đầy của Tết Nhà. Bởi Home Credit tin rằng, sẽ luôn có người muốn cùng ta Góp nên Tết Nhà Vô Giá.   #GopNenTetNhaVoGia #HomeCreditTet2026   - Thematic 15s: Link: https://drive.google.com/file/d/1mFaiR7jJ8oiwhDE4HyFdyqYw6zW28TXJ/view?usp=sharing			https://drive.google.com/file/d/1mFaiR7jJ8oiwhDE4HyFdyqYw6zW28TXJ/view?usp=sharing	Dũng	1
01/01/26	 Quảng Cáo	Tuấn Dũng					Dũng	1
01/01/26	 Quảng Cáo	Tuấn Dũng					Dũng	1
01/01/26	 Quảng Cáo	Nguyễn Nguyệt Ánh	""Beatvn: 2025 Vingroup khép lại với nhiều cột mốc lịch sử. Nổi bật với 9 thành tựu nổi bật tạo nên những ""Dấu ấn Việt Nam"" đỉnh nóc, kịch trần 🇻🇳  Showbeat: VUÝP: 9 thành tựu nổi bật của Vingroup trong năm 2025 tạo nên những ""Dấu ấn Việt Nam"" không thể nào quên 😍"				Dũng	1		
01/01/26	 Quảng Cáo	Nguyễn Nguyệt Ánh	"Chung comment:  2025 là một năm mà dấu ấn Việt Nam được nhìn thấy rất rõ, không chỉ bằng lời nói, mà bằng những con số, công trình và bước tiến cụ thể. Nhìn lại 9 thành tựu nổi bật của Vingroup, có thể thấy bức tranh phát triển trải dài từ công nghiệp, công nghệ, hạ tầng đến an sinh xã hội:  1. VinFast bứt phá mạnh mẽ với gần 200.000 xe điện bán ra toàn cầu, giữ vị trí dẫn đầu thị phần ô tô tại Việt Nam.  2. Tập đoàn chính thức mở rộng sang các trụ cột chiến lược mới như hạ tầng giao thông và năng lượng xanh.  3. Năm có số lượng dự án được khởi công, động thổ và ra mắt nhiều nhất từ trước tới nay với 18 dự án.  4. Đồng tổ chức triển lãm quy mô quốc gia kỷ niệm 80 năm Quốc khánh, thu hút hàng chục triệu lượt khách tham quan.  5. Ghi dấu ấn mạnh trên thị trường chứng khoán với nhiều mã niêm yết, vốn hóa vượt mốc 1 triệu tỷ đồng.  6. Vinhomes lập kỷ lục mới với hàng loạt đại đô thị quy mô lớn, tiếp tục khẳng định vị thế nhà phát triển hàng đầu khu vực.  7. Đóng góp các công trình biểu tượng quốc gia như Trung tâm Triển lãm Việt Nam và sân vận động đạt chuẩn quốc tế.  8. Duy trì cam kết ESG và an sinh xã hội với hàng chục nghìn tỷ đồng dành cho cộng đồng, thiên tai và phát triển bền vững.  9. Đột phá trong khoa học công nghệ với robot hình người ""Make in Vietnam"", mở ra kỳ vọng mới cho công nghệ Việt.  9 dấu mốc, 1 bức tranh chung cho thấy doanh nghiệp Việt không chỉ tăng trưởng về quy mô, mà còn đang từng bước góp phần định hình vị thế quốc gia trong kỷ nguyên mới."				Dũng	1				
01/01/26	 Quảng Cáo	Nguyễn Nguyệt Ánh	"Beat PHÁO HOA ""FULL HD"" TẠI VINCOM TỐI QUA: ĐỈNH THỰC SỰ! 🎆  Team đi Countdown tối qua ở Vincom Mega Mall Ocean City với Royal Island đâu rồi ạ?   Nửa đêm qua, dân tình được một phen ""lác mắt"" với màn pháo hoa tầm cao cực cháy, visual đỉnh chóp phủ kín bầu trời. Không khí đón 2026 cứ gọi là ""vibe"" hết nấc, nhìn biển người check-in mà thấy rần rần luôn!   Nhìn lại năm 2025 của Vincom mà chỉ biết ""u mê"": Khai trương liền tù tì 3 TTTM mới. Chính thức cán mốc 90 ""tọa độ"" ăn chơi trên 46 tỉnh thành, quy mô này đúng là không có đối thủ luôn áh =)))  Năm mới, mục tiêu mới, nhưng chắc chắn là vẫn phải ghé Vincom để chill thường xuyên nha!    #Vincom #VincomTet2026"				Dũng	1				
01/01/26	 Quảng Cáo	Nguyễn Nguyệt Ánh	Cchn  ĐỈNH NÓC, KỊCH TRẦN: HÀNG TRĂM NGÀN NGƯỜI CHOÁNG NGỢP TRƯỚC MÀN PHÁO HOA COUNTDOWN RỰC RỠ TẠI 2 TTTM VINCOM VÀO TỐI QUA 🎆   Happy new year anh em :3 đêm qua, hoà chung không khí giao thừa tưng bừng khắp nơi thì tại 2 TTTM Vincom Mega Mall Ocean City và Vincom Mega Mall Royal Island đã cũng đã diễn ra màn pháo hoa countdown tầm cao, thu hút hàng trăm nghìn người theo dõi :3  Được biết màn pháo hoa này là một trong các hoạt động được diễn ra đồng loạt tại các trung tâm thương mại Vincom trên toàn quốc, và đánh dấu cột mốc đáng nhớ khi hệ thống Vincom khai trương 3 TTTM mới trong năm 2025, chính thức cán mốc 90 trung tâm thương mại tại 31/34 tỉnh, thành phố - một quy mô hiếm có trên thị trường bán lẻ Việt Nam. 10 điểm k có nhưng nhaaaaaaaa 💯😍   #Vincom #VincomTet2026				Dũng	1				
01/01/26	 Quảng Cáo	Nguyễn Nguyệt Ánh	https://www.facebook.com/share/v/1B9GfBHsLv/?mibextid=wwXIfr  Dũng ơi lên bài xong dùng cái video này có sợ bản quyền nhạc hay gì ko				Dũng					
01/01/26	 Quảng Cáo	Tuấn Dũng	Bq đang căng nếu khách ko cf có bq thì thôi ạ				Dũng					
01/01/26	 Quảng Cáo	Tuấn Dũng	Phần nhạc thì tệ nhất sẽ bị tắt tiếng claim còn phần hình nếu không có bq thì có thể ăn gậy				Dũng	1				
01/01/26	 Quảng Cáo	Nguyễn Nguyệt Ánh	Tt beat Caption: Đón năm mới kiểu này đúng là không thể nào quên 😍 Happy New Year :* Video: https://drive.google.com/file/d/1yeOLtSc1sGDaQVxYDzbudrgtCpLUE35A/view?usp=sharing			https://drive.google.com/file/d/1yeOLtSc1sGDaQVxYDzbudrgtCpLUE35A/view?usp=sharing	Dũng	1				
01/01/26	 Quảng Cáo	Nguyễn Nguyệt Ánh	TT beatvn: Caption: Đầu năm bay, cả năm vi vu cùng Vietjet luôn nhé anh em ơiiiii Video: https://drive.google.com/file/d/1Kp_Te2B_1jMLGyFBkyM_Gd1zCJvu_4Id/view?usp=sharing			https://drive.google.com/file/d/1Kp_Te2B_1jMLGyFBkyM_Gd1zCJvu_4Id/view?usp=sharing	Dũng	1				
01/01/26	 Quảng Cáo	Nguyễn Nguyệt Ánh	TT beatviral: Caption: Xin vía cả năm bay du lịch, ăn khắp nơi, chơi khắp chốn nha Vietjet :* Video: https://drive.google.com/file/d/1ZZjld9THuazFWEQ5pS_MKrAo1FYQT9ca/view?usp=sharing			https://drive.google.com/file/d/1ZZjld9THuazFWEQ5pS_MKrAo1FYQT9ca/view?usp=sharing	Dũng	1				
01/01/26	 Quảng Cáo	Tuấn Dũng					Dũng	1				
01/01/26	 Quảng Cáo	Tuấn Dũng					Dũng	1				
01/01/26	FB - SHOWBEAT	Đào Hửu Nhơn		"""848156301313757.jpg"								
01/01/26	FB - SHOWBEAT	Đào Hửu Nhơn	Phản công trước giao thừa nhưng Quân AP không ngờ tới cảnh Bùi Công Nam thoát pressing cực mượt =)))  Cre: Quỳnh Nhùn				Dũng	1				
01/01/26	FB - SHOWBEAT	Lệ Đỗ					Dũng					
01/01/26	FB - SHOWBEAT	Đào Hửu Nhơn	Thoát vai mượt quá Nui ơi 😂  Cre: Quỳnh Nhùn				Dũng	1				
01/01/26	FB - SHOWBEAT	Đào Hửu Nhơn	😂  Cre: Quỳnh Nhùn				Dũng					
01/01/26	FB - SHOWBEAT	Đào Hửu Nhơn			"""25655581014109973.mp4"							
01/01/26	FB - SHOWBEAT	Đào Hửu Nhơn			"""1430044591968752.mp4"							
01/01/26	FB - SHOWBEAT	Đào Hửu Nhơn		"""2034448167338455.jpg"								
01/01/26	FB - SHOWBEAT	Đào Hửu Nhơn	Vô tình bị quay trúng cảnh BB Trần lủi thủi đứng ăn 1 mình, xong gặp mấy bà fan ocd dô comment tự nhiên thấy má Bảo khổ ngang zậy 🤧  Cre: Cú Săn Sao, Jungkookkie199				Dũng	1				
01/01/26	FB - SHOWBEAT	Đào Hửu Nhơn	Tip hay quá, mai mốt đừng chỉ nữa nha anh 🌚  Cre: chaikemnenthubon	"""4400615526819759.jpg"								
01/01/26	FB - SHOWBEAT	Đào Hửu Nhơn	dạ @mọi người xem giúp em với ạ @mọi người				Dũng					
01/01/26	FB - SHOWBEAT	Đào Hửu Nhơn	anh @Dương Nguyễn @Minh Vũ @Nguyễn Hưng @Tuấn Dũng ơii				Dũng					
01/01/26	FB - SHOWBEAT	Minh Vũ					Dũng	1				
01/01/26	FB - SHOWBEAT	Duyên Duyên	❌ fan xào content về môi xăm  ✅ tự xào content về chiếc môi của mình   Năm mới chủ tiệm Nui mạnh dạn thật đấy				Dũng	1				
01/01/26	FB - SHOWBEAT	Duyên Duyên		"""2297275354046217.jpg"								
01/01/26	FB - SHOWBEAT	Duyên Duyên		"""2346530555785643.jpg"								
01/01/26	FB - SHOWBEAT	Duyên Duyên	Bực thật 😡😡😡😡  Cre: soojun.8992				Dũng	1				
01/01/26	FB - SHOWBEAT	Đào Hửu Nhơn	Chú Quân AP có nghệ danh mới luôn =)))))				Dũng	1				
01/01/26	FB - SHOWBEAT	Đào Hửu Nhơn		"""1562847688090397.jpg"								
01/01/26	FB - SHOWBEAT	Lệ Đỗ					Dũng					
01/01/26	FB - SHOWBEAT	Duyên Duyên		"""804913815894367.jpg"								
01/01/26	FB - SHOWBEAT	Duyên Duyên	=))))))))) chưa bao giờ là hết content với chiếc ảnh này   Cre: enycaa_nn				Dũng	1				
01/01/26	FB - SHOWBEAT	Lệ Đỗ					Dũng					
01/01/26	FB - SHOWBEAT	Duyên Duyên		"""2754871704863134.jpg"								
01/01/26	FB - SHOWBEAT	Duyên Duyên	Tết âm lịch đã về đến Bản Liền rồiiii 🥳🥳🥳  Cre: bestview181297				Dũng	1				
01/01/26	FB - SHOWBEAT	Duyên Duyên		"""1357955446084473.jpg"								
01/01/26	FB - SHOWBEAT	Duyên Duyên					Dũng					
01/01/26	FB - SHOWBEAT	Duyên Duyên					Dũng					
01/01/26	FB - SHOWBEAT	Duyên Duyên	Không ngờ có người mặc bộ này mà vẫn đẹp được vậy 🥹🥹				Dũng	1				
01/01/26	TT - BEATVN	Luu Viet Hoang			"1414811446723839.mp4
01/01/26	TT - BEATVN	Tuấn Dũng	👍				Dũng	
01/01/26	TT - BEATVN	Anh Bảo	https://drive.google.com/file/d/11YZq5bFjWNmdM6E5okKJazW7OeP5vwGo/view?usp=drive_link @Luu Viet Hoang			https://drive.google.com/file/d/11YZq5bFjWNmdM6E5okKJazW7OeP5vwGo/view?usp=drive_link	Dũng	1
01/01/26	TT - BEATVN	Tuấn Dũng	👍				Dũng	
01/01/26	FP - BEAT NOW	Nguyễn Đức Hậu	‼️ Toàn cảnh xe điên ở Hải Phòng đêm qua bất ngờ lao vào đoàn người đi xem bắn pháo hoa. Khi xuống xe vẫn tại sao các anh lại b:ắt tôi 🙆‍♂️  Video: MXH			https://drive.google.com/file/d/1s-GdmSjizBtPVqKy2A5p1eizCkec1tzw/view?usp=sharing	Hưng	1
01/01/26	FP - BEAT NOW	Nguyễn Đức Hậu	Xem hộ anh				Hưng	
01/01/26	FP - BEAT NOW	Nguyễn Đức Hậu	@Nguyễn Hưng				Hưng	
01/01/26	FP - BEAT NOW	Nguyễn Hưng					Hưng	1
01/01/26	FP - BEAT NOW	Nguyễn Đức Hậu	Chị gái đi chợ ghé vô mua tờ vé số cào cho vui, không ngờ cào xong trúng 1 tỷ 💲 Khoảnh khắc vỡ òa cảm xúc khi biết trúng độc đắc. Hai chị gái nhảy múa tưng bừng khiến ai nấy đều thấy vui lây ❤️  Video: Vương			https://drive.google.com/file/d/1HGaKZzXmtUblTw0Roprdi0yxImg6bx8g/view?usp=sharing	Hưng	1
01/01/26	FP - BEAT NOW	Nguyễn Đức Hậu	Xem hộ anh				Hưng	
01/01/26	FP - BEAT NOW	Nguyễn Đức Hậu	@Nguyễn Hưng				Hưng	
01/01/26	FP - BEAT NOW	Nguyễn Đức Hậu	CHỊ GÁI ĐI CHỢ GHÉ VÔ MUA TỜ VÉ SỐ CÀO CHO VUI, KHÔNG NGỜ CÀO XONG TRÚNG 1 TỶ 💲  Khoảnh khắc vỡ òa cảm xúc khi biết trúng độc đắc. Hai chị gái nhảy múa tưng bừng khiến ai nấy đều thấy vui lây ❤️  Video: Vương				Hưng	1
01/01/26	FP - BEAT NOW	Nguyễn Đức Hậu	Có online đó khum em ui				Hưng	
01/01/26	FP - BEAT NOW	Nguyễn Đức Hậu	Xem hộ anh @Nguyễn Hưng				Hưng	
01/01/26	FP - BEAT NOW	Minh Vũ					Hưng	1
01/01/26	FP - BEAT NOW	Nguyễn Đức Hậu	""Giúp tao đi mà"" Lỗi chủ xe ko kéo thắng tay, cu cậu tưởng mình làm trôi xe nên hoảng 😌  Video: Ỉn Gấu"			https://drive.google.com/file/d/1mpZJzgG3-6aPe3RHo_VYU3oJ4fGJjne7/view?usp=sharing	Hưng	1		
01/01/26	FP - BEAT NOW	Nguyễn Đức Hậu	Xem hộ anh				Hưng					
01/01/26	FP - BEAT NOW	Nguyễn Đức Hậu	@Nguyễn Hưng				Hưng					
01/01/26	FP - BEAT NOW	Nguyễn Đức Hậu	@Minh Vũ				Hưng					
01/01/26	FP - BEAT NOW	Nguyễn Hưng					Hưng	1				
01/01/26	FP - BEAT NOW	Nguyen Viet Anh	Biết thế ở nhà ngủ cho khoẻ người 😔  Video: Nam Bé		"""794036990328593.mp4"							
01/01/26	FP - BEAT NOW	Nguyen Viet Anh	@Nguyễn Hưng  a xem giúp e ạ				Hưng					
01/01/26	FP - BEAT NOW	Nguyễn Hưng					Hưng					
01/01/26	FP - BEAT NOW	Nguyen Viet Anh	Không biết cháu bé đã trải qua những gì mà phản xạ nhạy thế 🌚  Video: Hồng Nguyễn		"""1576156716616531.mp4"							
01/01/26	FP - BEAT NOW	Nguyen Viet Anh	@Nguyễn Hưng  a xem giúp e ạ				Hưng					
01/01/26	FP - BEAT NOW	Nguyễn Hưng					Hưng					
01/01/26	FP - BEAT NOW	Nguyễn Đức Hậu	Chuyên Gia phân tích hiện trường =)))  Video: Ngoc Anh			https://drive.google.com/file/d/1Iqor7QTVuUmQlxIYhaDSbK0IctWPpRfs/view?usp=sharing	Hưng	1				
01/01/26	FP - BEAT NOW	Nguyễn Đức Hậu	Xem hộ anh				Hưng					
01/01/26	FP - BEAT NOW	Nguyễn Đức Hậu	@Nguyễn Hưng				Hưng					
01/01/26	FP - BEAT NOW	Minh Vũ					Hưng	1				
01/01/26	FP - BEAT NOW	Ngọc Đỗ	https://drive.google.com/file/d/1WwqUVoFizQJSy-fMaXhVo8VYF6I-U9zb/view?usp=drivesdk  @Nguyễn Hưng anh xem cho em với ạ			https://drive.google.com/file/d/1WwqUVoFizQJSy-fMaXhVo8VYF6I-U9zb/view?usp=drivesdk	Hưng	1				
01/01/26	FP - BEAT NOW	Nguyễn Hưng					Hưng					
01/01/26	FP - BEAT NOW	Ngọc Đỗ	https://drive.google.com/file/d/1Fwqhatp-X50F8nWnhGUqG2D_KFXkHAkK/view?usp=drivesdk  @Nguyễn Hưng anh duyệt cho dm với ạ			https://drive.google.com/file/d/1Fwqhatp-X50F8nWnhGUqG2D_KFXkHAkK/view?usp=drivesdk	Hưng	1				
01/01/26	FP - BEAT NOW	Nguyễn Hưng					Hưng					
01/01/26	FP - BEAT NOW	Nguyen Viet Anh	Lớn lên kể hồi xưa đi đám cưới bị trời đè không ai tin 🌚  Video: Cô giáo Genz		"""1425580769184544.mp4"							
01/01/26	FP - BEAT NOW	Nguyen Viet Anh	@Nguyễn Hưng  a xem giudp e ạ				Hưng					
01/01/26	FP - BEAT NOW	Nguyễn Hưng					Hưng					
01/01/26	FB - Beatvn	Nhat Anh Vu		"""2375655786203480.jpg"								
01/01/26	FB - Beatvn	Nhat Anh Vu		"""845175455147863.jpg"								
01/01/26	FB - Beatvn	Nhat Anh Vu	🌅				Dũng					
01/01/26	FB - Beatvn	Dương Lê	SỐNG MẤY CHỤC NĂM TRÊN ĐỜI LẦN ĐẦU TIÊN THẤY CÔNG CHÚA VIỆT NAM ĐI HOÀ THÂN LẤY CHỒNG MÔNG CỔ 🤣🤣  Người Việt lấy Anh Mỹ Trung Nhật Úc Phi thì thấy rồi chứ lấy chồng Mông Cổ thì lần đầu tiên thấy thật 😋.   Cô dâu Bảo Ngọc và chồng quen nhau khi đi du học, cả hai đã quyết định về chung 1 mái nhà vào những ngày vừa rồi. Theo chia sẻ của cô dâu nhà trai chuẩn bị 12 sính lễ, 6 tráp chuẩn phong tục Việt, 6 tráp Mông Cổ. Cô dâu thay từ áo dài Việt sang trang phục Mông Cổ để thực hiện buổi lễ.  Bà đi hoà thân đúng không bà, sống đủ lâu để giờ được thấy con cháu Thành Cát Tư Hãn cùng con cháu Đại Cồ Việt liên hôn🤣🤣🤣  Ảnh: Bảo Ngọc #Beatvn				Dũng					
01/01/26	FB - Beatvn	Dương Lê		"""1978727336331512.jpg"								
01/01/26	FB - Beatvn	Dương Lê	@VHM Tuấn Thịnh @Tuấn Dũng				Dũng					
01/01/26	FB - Beatvn	Tuấn Dũng	Hoà thân là ntn nhỉ c				Dũng					
01/01/26	FB - Beatvn	Dương Lê	xem phim cổ trang í				Dũng					
01/01/26	FB - Beatvn	Dương Lê	nc nay nc kia liên hôn				Dũng					
01/01/26	FB - Beatvn	Tuấn Dũng	Hoặc dùng từ nào chung chung hơn đc k c				Dũng					
01/01/26	FB - Beatvn	Tuấn Dũng	Trc cno sang đánh mình 3 lần, từ đó sợ mấy con bò bảo mình xuống nước á				Dũng					
01/01/26	FB - Beatvn	Dương Lê	e nghĩ nhiều qá				Dũng					
01/01/26	FB - Beatvn	Dương Lê	nói vui thôi				Dũng					
01/01/26	FB - Beatvn	Nguyễn Tuấn Thịnh		"""1504280120651590.jpg"								
01/01/26	FB - Beatvn	Nguyễn Tuấn Thịnh		"2016921799101138.jpg
01/01/26	FB - Beatvn	Nguyễn Long	""Hải Phòng đêm qua: Xe ""điên"" lao vào đoàn người xem pháo hoa ngay giao thừa‼️  Thấy mọi người nói tài xế có mùi hồng xiêm. Rất may các anh công an kịp có mặt trước khi các thanh niên boxing nam tài xế tại chỗ 😢  Video: Tuan Truong #Beatvn"	"""1593544432061263.jpg"							
01/01/26	FB - Beatvn	Nguyễn Tuấn Thịnh		"""878197908493494.jpg"								
01/01/26	FB - Beatvn	Nguyễn Tuấn Thịnh		"1618548375834794.jpg
01/01/26	FB - Beatvn	Nhat Anh Vu	""Dành cho những ai hôm qua thắc mắc ""tại sao năm nay Hà Nội bắn pháo hoa sớm thế"" thì lý do là đây 😇↕️  Video: VTV #Beatvn"		"""1820359322011167.mp4"						
01/01/26	FB - Beatvn	Nhat Anh Vu	Này Nobel Kinh Tế chắc phải gọi bằng cụ 🥲  #Beatvn	"""1761124617886481.jpg"								
01/01/26	FB - Beatvn	Dương Lê		"""1200996361508611.jpg"								
01/01/26	FB - Beatvn	Dương Lê	Thăm giờ thể dục của một trường học có tỉ lệ học sinh chăm ngoan thuộc hàng top trong nước				Dũng	1				
01/01/26	FB - Beatvn	Tuấn Dũng	🚀				Dũng					
01/01/26	FB - Beatvn	Nhat Anh Vu	Đi học bảo nay có ông lãnh đạo trên tỉnh về kiểm tra mà không ai tin 🙂↕️  Video: Sơn Cảm Cúm #Beatvn		"""911031938152768.mp4"							
01/01/26	FB - Beatvn	Nhat Anh Vu		"""1409610290814355.jpg"								
01/01/26	FB - Beatvn	Nhat Anh Vu		"""854161217258080.jpg"								
01/01/26	FB - Beatvn	Nhat Anh Vu				https://vtcnews.vn/chinh-thuc-tu-hom-nay-luong-duoi-17-trieu-khong-phai-nop-thue-thu-nhap-ca-nhan-ar996295.html	Dũng					
01/01/26	FB - Beatvn	Nguyễn Long	Giao thừa chuyện chưa kể 🥹  Chuyện là đôi chim câu vào nhà văn hoá cũ gửi xe để coi pháo hoa. Chẳng biết lọ mọ thế nào lại rớt thẳng xuống chiếc giếng cũ. Đêm lạnh, giếng sâu, may làm sao đôi trẻ vẫn trèo lên được để đến trạm y tế.   Chắc sau này có lên duyên hay trở thành kỉ niệm thì kí ức này cũng khó mà phai 🤣🤣🤣  Ảnh: Hoàng Phú Thọ #Beatvn				Dũng					
01/01/26	FB - Beatvn	Nguyễn Long		"""1222664313298953.jpg"								
01/01/26	FB - Beatvn	Tuấn Dũng	Ng gặp tai nạn phải bớt troll đi a ah				Dũng					
01/01/26	FB - Beatvn	Nguyễn Long	Giao thừa chuyện chưa kể…  Chuyện là đôi chim câu vào nhà văn hoá cũ gửi xe để coi pháo hoa. Chẳng biết lọ mọ thế nào lại rớt thẳng xuống chiếc giếng cũ. Đêm lạnh, giếng sâu, may làm sao đôi trẻ vẫn trèo lên được để đến trạm y tế.   Chắc sau này có lên duyên hay trở thành kỉ niệm thì kí ức này cũng khó mà phai 😢  Ảnh: Hoàng Phú Thọ #Beatvn				Dũng	1				
01/01/26	FB - Beatvn	Tuấn Dũng	🚀				Dũng					
01/01/26	FB - Beatvn	Nguyễn Tuấn Thịnh	CHÁY CỬA HÀNG SƠN CỦA 2 CHÚ TIKTOKER SƠN LẠI CUỘC ĐỜI 😢   Ngay mùng 1 đầu năm nhưng cửa hàng của hai chú Sơn Lại Cuộc Đời đã xảy ra hỏa hoạn dẫn tới cháy toàn bộ số hàng.  Rõ khổ. Làm nội dung sạch sẽ, tử tế, văn minh, hài hước nhưng chả hiểu sao lại đen thế không biết 😢   #beatvn #News	"""808688352223266.png"								
01/01/26	FB - Beatvn	Nguyễn Tuấn Thịnh	https://www.facebook.com/permalink.php?story_fbid=pfbid0vW2MCXpMMQ3qNyrUfp1Jirkspokah1BofwEp4DHbyip8Gprr2SyBdsSgYRSfhWRJl&id=61576193253688			https://www.facebook.com/permalink.php?story_fbid=pfbid02z1A3nvChZZYAFeFemjVsdSdbjw9j1GzzC4u7bCfVXkR36y5HxqifzcubBDXQxkQFl&id=61576193253688	Dũng					
01/01/26	FB - Cao thủ	Phạm Công Hiếu		"""784960637947502.png"								
01/01/26	FB - Cao thủ	Nguyễn Hưng	👌				Hưng					
01/01/26	FB - Cao thủ	Huy Ho	SỐNG ĐỦ LÂU ĐỂ THẤY CON CHÁU THÀNH CÁT TƯ HÃN LIÊN HÔN VỚI CON CHÁU ĐẠI CỒ VIỆT 🐧  Cô dâu Bảo Ngọc và chồng quen nhau khi đi du học và mới đây cả hai đã quyết định về chung 1 nhà. Nhà trai chuẩn bị 12 sính lễ, 6 tráp chuẩn phong tục Việt, 6 tráp Mông Cổ. Cô dâu thay từ áo dài Việt sang trang phục Mông Cổ thực hiện buổi lễ 🥰  Ảnh: Bảo Ngọc	"""885684130815305.jpg"								
01/01/26	FB - Cao thủ	Dương Nguyễn	👌				Hưng					
01/01/26	FB - Cao thủ	Huy Ho	Công an mở cửa vô thấy còn hoảng 🥲  Video: Fubabie		"""25460817186861198.mp4"							
01/01/26	FB - Cao thủ	Nguyễn Hưng	👌				Hưng					
01/01/26	FB - Cao thủ	Huy Ho	Chơi bằng lò vi sóng hả ông bạn 🥲		"1095904859220176.mp4
01/01/26	FB - Cao thủ	Dương Nguyễn	👌				Hưng	
01/01/26	FB - Cao thủ	Huy Ho	""Lindo và Team Châu Phi ""đứt gánh""  Sau khi Lindo trở lại Việt Nam, Team Châu Phi đã ra thông báo giữa Team và Lindo từ nay đường ai nấy đi, không liên quan nhau.😬"	"""1583405216002423.jpg"						
01/01/26	FB - Cao thủ	Huy Ho	NGAY LÚC NÀY Ở HÀ NỘI ‼️‼️‼️  VẮNG NHƯ MÙNG 1 TẾT 🤣🤣	"""1198332265732750.jpg"								
01/01/26	FB - Cao thủ	Nguyễn Hưng	👌				Hưng					
01/01/26	FB - Cao thủ	Nguyễn Hưng	👌				Hưng					
01/01/26	FB - Cao thủ	Tuấn Dũng	@Trần Thị Hồng Nhung cao thủ bị đánh				Hưng					
01/01/26	FB - Cao thủ	Tuấn Dũng	C ngoiif máy ko xem nó đánh post nào đó				Hưng					
01/01/26	FB - Cao thủ	Trần Thị Hồng Nhung	1 loạt ảnh cá nhân từ năm 2020				Hưng					
01/01/26	FB - Cao thủ	Trần Thị Hồng Nhung		"""855347057114311.jpg"								
01/01/26	FB - Cao thủ	Trần Thị Hồng Nhung	Ngày xưa Cao Thủ đăng ảnh gái xinh ấy				Hưng					
01/01/26	FB - Cao thủ	Tuấn Dũng	Phải cái bạn nhắn cho page k chị				Hưng					
01/01/26	FB - Cao thủ	Tuấn Dũng	Hay là cno đang tấn công				Hưng					
01/01/26	FB - Cao thủ	Trần Thị Hồng Nhung	Không phải.				Hưng					
01/01/26	FB - Cao thủ	Trần Thị Hồng Nhung	Bạn nhắn cho page là video mới lên 2026				Hưng					
01/01/26	FB - Cao thủ	Trần Thị Hồng Nhung	Đây là bị tấn công r vì ảnh từ năm 2020 mà				Hưng					
01/01/26	FB - Cao thủ	Trần Thị Hồng Nhung	@Tuấn Dũng  giờ sao em, nhiều ảnh phết. Đang chuẩn bị lọc lại xoá 1 loạt				Hưng	1				
01/01/26	FB - Cao thủ	Trần Thị Hồng Nhung	Page vẫn xanh có lẽ nó là ảnh năm 2020				Hưng	1				
01/01/26	FB - Cao thủ	Trần Thị Hồng Nhung		"""2617448808627317.jpg"								
01/01/26	FB - Cao thủ	Trần Thị Hồng Nhung					Hưng					
01/01/26	FB - Cao thủ	Đình Nguyên	Chả mấy khi được anh người yêu chụp ảnh giao thừa 🥰	"1226056569039597.jpg
01/01/26	FB - Cao thủ	Đình Nguyên	""Dành cho những ai hôm qua thắc mắc ""tại sao năm nay Hà Nội bắn pháo hoa sớm thế"" thì lý do là đây 😅  Video: VTV"		"""1605809754197464.mp4"						
01/01/26	FB - Cao thủ	Minh Vũ	👌				Hưng					
01/01/26	FB - Cao thủ	Minh Vũ	👌				Hưng					
01/01/26	FB - Cao thủ	Đình Nguyên	Lập luận vô cùng chặt chẽ, tư duy logic, mỗi tội tuổi thọ không cho phép 🥲	"""1232618265404275.jpg"								
01/01/26	FB - Cao thủ	Đình Nguyên	Mình đặt vài cây cảnh online gửi về cho mẹ trồng, vài tuần sau về thăm nhà tưởng đâu lạc vào rừng quốc gia Cúc Phương 😳  Video: Làm Phước		"""1134311981928360.mp4"							
01/01/26	FB - Cao thủ	Nguyễn Hưng	👌				Hưng					
01/01/26	FB - Cao thủ	Nguyễn Hưng	👌				Hưng					
01/01/26	FB - Cao thủ	Tuấn Dũng	Gậy bq về nick nào nhỉ mn ơi				Hưng					
01/01/26	FB - Cao thủ	Trần Thị Hồng Nhung	Nick của c				Hưng					
01/01/26	FB - Cao thủ	Trần Thị Hồng Nhung	Nhưng giờ nhấn vào thông báo thì nó k hiện nữa.				Hưng					
01/01/26	FB - Cao thủ	Trần Thị Hồng Nhung	K có email luôn.				Hưng					
01/01/26	FB - Cao thủ	Trần Thị Hồng Nhung	2019- 2021 đăng toàn gái xinh vì có chuyên mục gái xinh.				Hưng					
01/01/26	FB - Cao thủ	Trần Thị Hồng Nhung	Mà chọn dell hết thì k dell được mà phải lọc xoá tay.				Hưng					
01/01/26	FB - Cao thủ	Trần Thị Hồng Nhung		"""4519948774894612.jpg"								
01/01/26	FB - Cao thủ	Phạm Công Hiếu			"""3519338164888527.mp4"							
01/01/26	FB - Cao thủ	Phạm Công Hiếu	Ui anh gì gì ơi. Quán có cam anh ạ =)))))   Video: aFamily				Hưng	1				
01/01/26	FB - Cao thủ	Phạm Công Hiếu		"""4349652015266086.jpg"								
01/01/26	FB - Cao thủ	Phạm Công Hiếu	Không hiểu lái kiểu gì nhưng trên xe thấy dán dòng chữ: ‘Vợ em mới lấy bằng, thi 9 lần mới đỗ — mong mọi người thông cảm’🤦‍♂️				Hưng	1				
01/01/26	FB - Cao thủ	Phạm Công Hiếu	https://www.facebook.com/share/p/1ZkbESVE3R/?mibextid=wwXIfr				Hưng					
01/01/26	FB - Cao thủ	Phạm Công Hiếu		"""1394104869076386.jpg"								
01/01/26	FB - Cao thủ	Phạm Công Hiếu		"""1193238695700730.jpg"								
01/01/26	FB - Cao thủ	Minh Vũ	👌				Hưng					
01/01/26	FB - Cao thủ	Minh Vũ	che biển nhé e				Hưng					
01/01/26	FB - Cao thủ	Phạm Công Hiếu	Chuc mung nam moi 2026 🌈💐🌷🔥✨🎇				Hưng	1				
01/01/26	FB - Cao thủ	Phạm Công Hiếu					Hưng					
01/01/26	FB - Cao thủ	Phạm Công Hiếu		"""869827192464805.jpg"								
01/01/26	FB - Cao thủ	Minh Vũ	👌				Hưng					
01/01/26	FB - Cao thủ	Minh Vũ	👌				Hưng					
01/01/26	FB - Cao thủ	Minh Vũ	Có cả cái ảnh rơi biển ra nữa nhé				Hưng					
01/01/26	FB - Cao thủ	Phạm Công Hiếu		"""4306290889649924.jpg"								
01/01/26	FB - Cao thủ	Phạm Công Hiếu	Đây a ạ				Hưng					
01/01/26	FB - Cao thủ	Phạm Công Hiếu		"1585697392759959.jpg
01/01/26	FB - Cao thủ	Phạm Công Hiếu	Thăm giờ thể dục của một trường học có tỉ lệ học sinh chăm ngoan thuộc hàng số má trong khu vực.  Giờ thể dục mà học sinh tập chăm chỉ nghiêm túc như chuẩn bị đi thi đấu olympics vậy :)))  Ảnh: Thầy Giáo Bắp				Hưng	1
01/01/26	FB - Cao thủ	Nguyễn Hưng	👌				Hưng	
01/01/26	FB - Cao thủ	Phạm Công Hiếu	""Mở màn 2026:   Công an TPHCM bắt ""hiệp sĩ"" Nguyễn Thanh Hải ‼"				Hưng	1			
01/01/26	FB - Cao thủ	Phạm Công Hiếu		"25742614165372932.jpg
01/01/26	FB - Cao thủ	Phạm Công Hiếu	""Công an TPHCM đá,nh s.ập đường dây c.ưỡng đo.ạt tài sản núp bóng giải c.ứu nannhan ở Campuchia, b.ắ.t gi.a.m ""hiệp sĩ"" Nguyễn Thanh Hải, Huỳnh Cao Cường và 39 đối tượng  Ngày 1/1/2026, thông tin từ Công an TPHCM cho biết, đã t.riệt ph.á thành đường dây ""Cư.ỡng đo.ạt tài sản; Tổ chức, môi giới cho người khác xuất, nhập cảnh trái phép"", khởi tố 41 đối tượng. Các đối tượng đã núp bóng giải cứu nannhan từ Campuchia nhưng thực chất là để cư.ỡng đo.ạt tài sản, th.u l.ợi b.ất ch.ính số tiền rất lớn.  Thực hiện chỉ đạo của Trung tướng Mai Hoàng - Giám đốc Công an TPHCM về việc đấu tranh, chuyển hóa địa bàn phức tạp về trật tự xã hội tại các bến xe trên địa bàn Thành phố và tăng cường phòng ngừa, xử lý hoạt động luadao ch.iếm đo.ạt tài sản sử dụng công nghệ cao, trên không gian mạng đang diễn biến phức tạp; tháng 10/2025, Phòng Cảnh sát hình sự CATP xác lập chuyên án để đấu tranh triệt phá đường dây ""Cư.ỡng đo.ạt tài sản; Tổ chức, môi giới cho người khác xuất, nhập cảnh trái phép"".  Đến nay, Cơ quan Cảnh sát điều tra Công an Thành phố (Phòng Cảnh sát hình sự) đã khởi tố vụ án, khởi tố bị can và bắt tạm giam 41 đối tượng với 05 tội danh: ""C.ưỡng đo.ạt tài sản"", ""Luadao ch.iếm đo.ạt tài sản""; ""M.u.a b.á.n n.g.ư.ờ.i""; ""Tổ chức, môi giới cho người khác xuất, nhập cảnh trái phép"", ""Lợi dụng các quyền tự do dân chủ xâ.m ph.ạm lợi ích của Nhà nước, quyền, lợi ích hợp pháp của tổ chức, cá nhân""; đã phối hợp giải cứu được 38 nannhan từ Campuchia đưa về Việt Nam; hiện đang tiếp tục t.r.u.y b.ắ.t, mở rộng điều tra, làm rõ xử lý.  Trước đó, qua công tác nghiệp vụ, CATP Hồ Chí Minh phát hiện đường dây tổ chức cho người khác x.uấ.t c.ả.n.h t.rái ph.ép từ Việt Nam sang Campuchia. Các đối tượng tại Campuchia chủ động liên hệ, d.ẫ.n d.ụ người Việt Nam sang Campuchia làm việc cho các tổ chức luadao. Khi có người đồng ý, nhóm này chuyển thông tin cá nhân, hình ảnh, số điện thoại, địa điểm đón cho đầu mối tại Việt Nam để tổ chức đưa người x.u.ấ.t c.ả.n.h t.r.á.i p.h.é.p.   Tại Việt Nam, đối tượng Lê Văn Thành giữ vai trò cầm đầu, lập nhóm trên mạng xã hội với nhiều tài xế xe ô tô. Các tài xế nhận chở người từ Thành phố Hồ Chí Minh và các tỉnh lân cận đến khu vực cửa khẩu Mộc Bài (Tây Ninh) hoặc khách sạn làm điểm trung chuyển. Để che giấu hoạt động, nhóm được lập mới theo mỗi tháng, thu phí thành viên.  Sau khi tập kết tại điểm hẹn, các đối tượng sử dụng xe ôm, đi theo đường mòn, lối mở, tiểu ngạch biên giới để đ.ư.a n.g.ư.ờ.i sang Campuchia. Phía Campuchia tiếp nhận và đưa người vào các khu, công ty do các tổ chức luadao quản lý. Bước đầu xác định, chỉ tính từ tháng 10/2024 cho đến khi bị phát hiện, đường dây này đã tổ chức cho khoảng 900 người x.u.ấ.t c.ả.n.h. t.r.á.i p.h.é.p từ Việt Nam sang Campuchia và khoảng 800 người nh.ập c.ả.n.h t.r.á.i. p.h.é.p từ Campuchia về Việt Nam, thu lợi bất chính hàng trăm triệu đồng cho đối tượng c.ầ.m đ.ầ.u và các đối tượng liên quan.  Theo: Báo Công an TPHCM"				Hưng				
01/01/26	FB - Cao thủ	Phạm Công Hiếu	Duyệt giúp em cap bài này ạ @Nguyễn Hưng				Hưng					
01/01/26	FB - Cao thủ	Phạm Công Hiếu				https://congan.com.vn/vu-an/danh-sap-duong-day-cuong-doat-tai-san-nup-bong-giai-cuu-nan-nhan-o-campuchia-bat-hiep-si-nguyen-thanh-hai_187581.html	Hưng					
01/01/26	FB - Cao thủ	Phạm Công Hiếu		"""1158046293076440.png"								
01/01/26	FB - Cao thủ	Phạm Công Hiếu	@Minh Vũ				Hưng					
01/01/26	FB - Cao thủ	Nguyễn Hưng	👌				Hưng					
01/01/26	FB - Cao thủ	Trần Thị Hồng Nhung	Che còng đi em				Hưng	1				
01/01/26	FB - Cao thủ	Trần Thị Hồng Nhung	@Nguyễn Hưng  bên kiểm duyệt yêu cầu lên bài phải che còng, Hưng cập nhật lại nhé.				Hưng	1				
01/01/26	FB - Cao thủ	Trần Thị Hồng Nhung	@Phạm Công Hiếu				Hưng					
01/01/26	FB - Cao thủ	Nguyễn Hưng	Vâng uki ạ				Hưng	1				
01/01/26	FB - Cao thủ	Phạm Công Hiếu			"""1383957899876664.mp4"							
01/01/26	FB - Cao thủ	Phạm Công Hiếu	Không đi xem Countdown mà vẫn được ngắm ph:áo hoa tận cửa cực rõ nét =))))				Hưng	1				
01/01/26	FB - Cao thủ	Nguyễn Hưng	👌				Hưng					
01/01/26	FB - Cao thủ	Phạm Công Hiếu					Hưng					
01/01/26	FB - Cao thủ	Phạm Công Hiếu					Hưng					
01/01/26	FB - Cao thủ	Phạm Công Hiếu		"""2606865233047233.jpg"								
01/01/26	FB - Cao thủ	Phạm Công Hiếu	Kỷ niệm giao thừa khó quên của mẹ và bố…..  Chuyện là đôi chim câu vào nhà văn hoá cũ gửi xe để coi pháo hoa. Chẳng biết lọ mọ thế nào lại rớt thẳng xuống chiếc giếng cũ. Đêm lạnh, giếng sâu, may làm sao đôi trẻ vẫn trèo lên được để đến trạm y tế.   Chắc sau này có nên duyên hay trở thành kỉ niệm thì kí ức này cũng khó mà phai 😢  Ảnh: Hoàng Phú Thọ				Hưng	1				
01/01/26	FB - Cao thủ	Nguyễn Hưng	👌				Hưng					
01/01/26	FB - Cao thủ	Phạm Công Hiếu	CH;ÁY CỬA HÀNG SƠN CỦA 2 CHÚ TIKTOKER SƠN LẠI CUỘC ĐỜI 😢   Ngay mùng 1 đầu năm nhưng cửa hàng của hai chú Sơn Lại Cuộc Đời đã xảy ra hỏa hoạn dẫn tới ch:áy toàn bộ số hàng.  Thương 2 chú nội dung sạch sẽ, tử tế, văn minh, hài hước nhưng chả hiểu sao lại đen thế không biết 😢	"1419780389535636.jpg
01/01/26	FB - Cao thủ	Nguyễn Hưng	Cho a nguồn nhé				Hưng	
01/01/26	FB - Cao thủ	Phạm Công Hiếu	https://www.facebook.com/share/p/1DN6DeG3v8/?mibextid=wwXIfr				Hưng	
01/01/26	FB - Cao thủ	Nguyễn Hưng	👌				Hưng	
01/01/26	FB - Cao thủ	Phạm Công Hiếu	""TẾT LÀ PHẢI CẢM NHẬN BẰNG 5 GIÁC QUAN MỚI NGONNN🎇  Chào đón Tết Bính Ngọ 2026, Cao Thủ xin khởi xướng chiến dịch ""Đủ 5 Đủ Tết"" với mong muốn cùng nhau cảm nhận Tết một cách trọn vẹn hơn.  Lấy cảm hứng từ: Ngũ hành – quy luật cân bằng trong đời sống. Ngũ phúc – lời chúc đủ đầy, an lành năm mới. Ngũ thường – chuẩn mực ứng xử ngày xuân và mâm ngũ quả truyền thống.  ""Đủ 5 Đủ Tết"" là khi 5 giác quan nghe – nếm – ngửi – nhìn – chạm cùng hòa nhịp. Khi ấy, Tết không chỉ đủ đầy về vật chất mà còn đủ đầy về trải nghiệm, nơi truyền thống và hiện đại giao thoa. Chỉ cần đủ 5 điều ấy là Tết đã trọn vẹn, Tết đủ vui.  Trong thời gian tới, Cao Thủ sẽ triển khai một series nhỏ để góp vui và lan tỏa tinh thần của chiến dịch. Rất mong nhận được sự ủng hộ và theo dõi của mọi người."	"""1547024606518497.jpg"							
01/01/26	FB - Cao thủ	Nguyễn Hưng	👌				Hưng					
01/01/26	FB - Cao thủ	Phạm Công Hiếu		"""908529408508847.jpg"								
01/01/26	FB - Cao thủ	Phạm Công Hiếu	Kho bị ch:áy mà hai chú lạc quan quá 🥹  Chúc hai chú mau khắc phục được hậu quả ạ 💪				Hưng	1				
01/01/26	FB - Cao thủ	Nguyễn Hưng	👌				Hưng					
01/01/26	FB - Sài Gòn Nghenn	Minh Vũ					Dương					
01/01/26	FB - Sài Gòn Nghenn	Le Ngoc Tuyen	CẬP NHẬT TUỔI TÁC VÀO 2026 ✨ Chúc mừng ae 96 tròn 30 nha. Này là tính nhẹ nhàng theo dương lịch chứ âm lịch là +1 dô nó đớn thì thôi nhé luôn 😇	"""874445108463337.jpg"								
01/01/26	FB - Sài Gòn Nghenn	Dương Nguyễn					Dương					
01/01/26	FB - Sài Gòn Nghenn	Le Ngoc Tuyen			"""790734397315219.mp4"							
01/01/26	FB - Sài Gòn Nghenn	Le Ngoc Tuyen	Mở màn 2026: tiếng liệu át tiếng pháo 😇  Video: hoonni.__				Dương	1				
01/01/26	FB - Sài Gòn Nghenn	Le Ngoc Tuyen	Hai người muốn xé nháp năm 2026 nhất 😟  Vào 1h30 sáng đúng ngày mùng 1 Tết dương lịch có hai bạn trẻ ở Đồng Nai đi đứng không cẩn thận bị lọt xuống giếng trong nhà văn hoá cũ. May mà đã được CLB Biệt đội hỗ trợ nhân dân 247 Long Khánh giải cứu kịp thời.  Nguồn: CLB Biệt đội hỗ trợ nhân dân 247 Long Khánh	"""849344307996467.jpg"								
01/01/26	FB - Sài Gòn Nghenn	Le Ngoc Tuyen	Ngoc Tuyen đã gửi một file đính kèm.				Dương					
01/01/26	FB - Sài Gòn Nghenn	Le Ngoc Tuyen	Countdown 2026 vui vẻ vậy đó, chứ thử bữa nay mà có chuyện gì hong ưng bụng đi là đòi xé nháp, tua nhanh qua 2027 liền 😏				Dương	1				
01/01/26	FB - Sài Gòn Nghenn	Le Ngoc Tuyen	@Dương Nguyễn  @Quyen Tieu cho e xin like với				Dương					
01/01/26	FB - Sài Gòn Nghenn	Dương Nguyễn					Dương					
01/01/26	FB - Sài Gòn Nghenn	Dương Nguyễn	Che mờ chân dính máu đi cho đỡ phản cảm				Dương					
01/01/26	FB - Sài Gòn Nghenn	Dương Nguyễn					Dương					
01/01/26	FB - Sài Gòn Nghenn	Dương Nguyễn	Mà sao cứ nhằm giờ cơm nước buổi trưa để gửi bài vậy em :v				Dương					
01/01/26	FB - Sài Gòn Nghenn	Le Ngoc Tuyen	Em mới dậy				Dương	1				
01/01/26	FB - Sài Gòn Nghenn	Dương Nguyễn	Qua countdown cháy thế cơ à :))				Dương	1				
01/01/26	FB - Sài Gòn Nghenn	Le Ngoc Tuyen	Em ở nhà lun í				Dương	1				
01/01/26	FB - Sài Gòn Nghenn	Le Ngoc Tuyen	Nhưng ngủ ngon quá hic				Dương	1				
01/01/26	FB - Sài Gòn Nghenn	Le Ngoc Tuyen		"""2517143025350088.jpg"								
01/01/26	FB - Sài Gòn Nghenn	Dương Nguyễn	Che đi xong lên nhé				Dương	1				
01/01/26	FB - Sài Gòn Nghenn	Le Ngoc Tuyen	Nhà e nhìn thấy dc ko phải chen 🤓				Dương					
01/01/26	FB - Sài Gòn Nghenn	Dương Nguyễn					Dương					
01/01/26	FB - Sài Gòn Nghenn	Le Ngoc Tuyen			"1201054221524156.mp4
01/01/26	FB - Sài Gòn Nghenn	Le Ngoc Tuyen	""Nước Việt Nam có quyền hưởng tự do và độc lập và sự thật đã thành một nước tự do độc lập."" 🇻🇳  Video: hongtrasuacaramel"				Dương	1		
01/01/26	FB - Sài Gòn Nghenn	Dương Nguyễn					Dương					
01/01/26	FB - Sài Gòn Nghenn	Le Ngoc Tuyen				https://share.google/ujtejvjGCCqUuG4f7	Dương					
01/01/26	FB - Sài Gòn Nghenn	Le Ngoc Tuyen	Nguồn: Báo Công an Thành Phố Hồ Chí Minh				Dương					
01/01/26	FB - Sài Gòn Nghenn	Le Ngoc Tuyen	"‼️Công an TPHCM bắt ""hiệp sĩ"" Nguyễn Thanh Hải cưỡng đoạt tài sản núp bóng giải cứu nạn nhân ở Campuchia"	"849020934695132.jpg
01/01/26	FB - Sài Gòn Nghenn	Le Ngoc Tuyen	""Cmt:  Ngày 1/1/2026, thông tin từ Công an TPHCM cho biết, đã triệt phá thành đường dây ""Cưỡng đoạt tài sản và khởi tố 41 đối tượng. Các đối tượng đã núp bóng giải cứu nạn nhân từ Campuchia nhưng thực chất là để cưỡng đoạt tài sản, thu lợi bất chính số tiền rất lớn.  Thủ đoạn hoạt động của nhóm đối tượng được xác định như sau: Nguyễn Thanh Hải xây dựng hình ảnh ""hiệp sĩ cứu người"" thông qua nhiều tài khoản mạng xã hội với lượng người theo dõi lớn, thường xuyên đăng tải các video, bài viết thể hiện việc ""giải cứu miễn phí, không nhận tiền"". Thực tế, khi thân nhân nạn nhân đến nhờ giúp đỡ, Hải yêu cầu phải có tiền mới thực hiện việc đưa người về, nếu không có tiền thì từ chối. Nhóm của Nguyễn Thanh Hải tổ chức tiếp nhận người dân có nhu cầu ""giải cứu"" tại địa điểm cố định, phân công người ghi nhận thông tin, quay video phỏng vấn, dàn dựng nội dung, chỉnh sửa clip để đăng tải trên mạng xã hội nhằm tạo uy tín và thu hút thêm nạn nhân. Đây là thủ đoạn quảng bá, tìm ""khách hàng"" cho hành vi phạm tội.  Sau khi xác định được người cần ""giải cứu"" đang bị giữ tại các khu luadao ở Campuchia, Nguyễn Thanh Hải móc nối với các đầu mối tại Campuchia. Hải và đồng phạm nâng khống số tiền chuộc, yêu cầu thân nhân chuyển tiền trước qua nhiều tài khoản trung gian, chiếm đoạt phần chênh lệch. Các đối tượng khai nhận, tiền được sử dụng một phần để trả cho đầu mối Campuchia, phần còn lại Nguyễn Thanh Hải và các đối tượng liên quan chia nhau hưởng lợi bất chính. Sau khi nhận tiền, nhóm Nguyễn Thanh Hải tổ chức đưa người từ Campuchia về Việt Nam bằng đường tiểu ngạch, không làm thủ tục xuất nhập cảnh, không có hộ chiếu hoặc giấy tờ hợp pháp, xâm phạm nghiêm trọng trật tự quản lý xuất nhập cảnh.  Theo Báo Công an TPHCM: https://congan.com.vn/vu-an/danh-sap-duong-day-cuong-doat-tai-san-nup-bong-giai-cuu-nan-nhan-o-campuchia-bat-hiep-si-nguyen-thanh-hai_187581.html"			https://congan.com.vn/vu-an/danh-sap-duong-day-cuong-doat-tai-san-nup-bong-giai-cuu-nan-nhan-o-campuchia-bat-hiep-si-nguyen-thanh-hai_187581.html	Dương	1			
01/01/26	FB - Sài Gòn Nghenn	Le Ngoc Tuyen		"""4495869670650718.jpg"								
01/01/26	FB - Sài Gòn Nghenn	Le Ngoc Tuyen	@Dương Nguyễn @Quyen Tieu				Dương					
01/01/26	FB - Sài Gòn Nghenn	Dương Nguyễn					Dương					
01/01/26	FB - Sài Gòn Nghenn	Le Ngoc Tuyen		"""24451361491206286.jpg"								
01/01/26	FB - Sài Gòn Nghenn	Le Ngoc Tuyen	Với chiếc áo sờn vai này nếu chịu thêu dệt chắc cũng cảm động lắm. Nhưng nghe ảnh kể chuyện xong tui muốn lên chở ảnh luôn =))  Chạy grab là nghề phụ thôi, sáng sớm ảnh đi làm văn phòng, quần tây áo sơ mi, giầy tây bảnh lắm. Ở cùng toà chung cư với t nhưng khác block thôi, sáng hôm qua ảnh bật app lên thấy t book là ảnh khoác áo dô sẵn chở đi luôn.   Ảnh khen block tui tiện lợi ghê, block của ảnh xây trước nên hơi cũ. Hỏi ra mới biết ảnh mua căn 2 phòng ngủ bên đó. Còn mình ở thuê =))  Không có thành quả nào mà tự nhiên hết. Chăm chỉ không bao giờ là thừa. Nghe anh kể chuyện mà có động lực cho năm mới ghê 🥰				Dương	1				
01/01/26	FB - Sài Gòn Nghenn	Le Ngoc Tuyen	Ẻm biết hết đó, pháo bông năm nào hong có, không coi Tết tây thì chờ Tết ta, riêng mẹ thì chỉ có 1 thôi 🥰  Chúc hai mẹ con 2026 thiệt nhiều sức khoẻ, mua may bán đắt. Em bé ngoan ngoãn, học giỏi lớn lên nhớ dắt mẹ đi coi pháo bông nhen ❤️  Video từ chị trungfuji.quan1saigon				Dương	1				
01/01/26	FB - Sài Gòn Nghenn	Le Ngoc Tuyen			"""1531886278025385.mp4"							
01/01/26	FB - Sài Gòn Nghenn	Hoàng Nam	Chỉ cần dị thui, để dành Tết âm chúc tiếp 😂				Dương	1				
01/01/26	FB - Sài Gòn Nghenn	Hoàng Nam	Dáng vẻ của một chú mèo hạnh phúc là như thế nào ❤️  Video: thuantaytrai97	"""911607411190226.png"								
01/01/26	FB - Sài Gòn Nghenn	Nguyễn Hưng					Dương					
01/01/26	FB - Sài Gòn Nghenn	Nguyễn Hưng	Câu cuối bán hết trứng mới dc ăn tối nên cắt đi nha				Dương	1				
01/01/26	FB - Sài Gòn Nghenn	Nguyễn Hưng					Dương					
01/01/26	FB - Sài Gòn Nghenn	Nguyễn Hưng					Dương					
01/01/26	FB - Sài Gòn Nghenn	Le Ngoc Tuyen	Em cắt rồi ạ				Dương					
01/01/26	FB - Sài Gòn Nghenn	Le Ngoc Tuyen			"""840019788834115.mp4"							
01/01/26	FB - Sài Gòn Nghenn	Nguyễn Hưng					Dương					
01/01/26	FB - Kiến Không Ngủ	Thu Trang	Mọi người *đi xem countdown, ăn nho gầm bàn*  Tôi tối qua:	"1778139589417802.jpg
01/01/26	FB - Kiến Không Ngủ	Dương Nguyễn	👌				Dương	
01/01/26	FB - Kiến Không Ngủ	Huyy Anh	""Một bạn chia sẻ 1 câu chuyện không vui của mình  🥲  Nhưng phần bình luận thì đều là những ý kiến ""nhắc nhở"" rằng cách làm của bạn ấy không ổn. Dù biết tự mình kinh doanh, kiếm tiền là đúng nhưng cũng phải phù hợp...   Khu vực phố đi bộ ấy cứ vài bước là có chtl có giá rẻ hơn, niêm yết và đảm bảo hơn T.T thì sao người ta lại muốn chọn chai nước suối 20 cành của bạn..."	"""726276880525453.png"							
01/01/26	FB - Kiến Không Ngủ	Dương Nguyễn	👌				Dương					
01/01/26	FB - Kiến Không Ngủ	Thu Trang	???	"""1261784712453366.jpg"								
01/01/26	FB - Kiến Không Ngủ	Minh Vũ	👌				Dương					
01/01/26	FB - Kiến Không Ngủ	Huyy Anh	Nhờ chăm chỉ đọc cmt của các bạn, hôm nay tôi mới biết là...   Hủ tiếu Nam Vang có nguồn gốc từ Campuchia, do người Khmer chế biến ra.   Cái tên Nam Vang cũng là tên phiên âm của Phnôm Pênh 👍	"""1579517809746748.png"								
01/01/26	FB - Kiến Không Ngủ	Dương Nguyễn	👌				Dương					
01/01/26	FB - Kiến Không Ngủ	Thu Trang	Nhờ chăm chỉ đọc comment của các bạn, hôm nay tôi biết là...   Hủ tiếu Nam Vang có nguồn gốc từ Campuchia, do người Khmer chế biến ra.   Cái tên Nam Vang cũng là tên phiên âm của Phnôm Pênh 👍				Dương					
01/01/26	FB - Kiến Không Ngủ	Thu Trang	@Huyy Anh thừa chữ mới r				Dương					
01/01/26	FB - Kiến Không Ngủ	Huyy Anh	oke				Dương					
01/01/26	FB - Kiến Không Ngủ	Huyy Anh				https://docs.google.com/document/d/1JGmS4QPjQ2ZobFkSIPdBY0JHt_8N1knI5F3nvNhHTGA/edit?usp=sharing	Dương	1				
01/01/26	FB - Kiến Không Ngủ	Dương Nguyễn	👌				Dương					
01/01/26	FB - Kiến Không Ngủ	Huyy Anh	Ngày đầu năm 2026 của bạn thế nào rồi?	"""1402116638017742.png"								
01/01/26	FB - Kiến Không Ngủ	Minh Vũ	👌				Dương					
01/01/26	FB - Kiến Không Ngủ	Huyy Anh	Chúng tôi cần biết danh tính của người này  vì mục đích hòa bình	"""1163239085797297.jpg"								
01/01/26	FB - Kiến Không Ngủ	Huyy Anh	👌				Dương					
01/01/26	FB - Kiến Không Ngủ	Nguyễn Hưng	👌				Dương					
01/01/26	FB - Kiến Không Ngủ Trending	Huyy Anh					Hưng					
01/01/26	FB - Kiến Không Ngủ Trending	Huyy Anh	Người đi thay của:   Video: la.hoang.ha08			https://www.tiktok.com/@la.hoang.ha08/video/7589632687829208327?lang=vi-VN	Hưng	1				
01/01/26	FB - Kiến Không Ngủ Trending	Nguyễn Hưng	👌				Hưng					
01/01/26	TT - CCHN	Minh Trang	Nhắn tin cho mẹ đêm nay con không về 😞 anh em về được nhà chưa		"""1192581419671372.mp4"							
01/01/26	TT - CCHN	Minh Trang	@Minh Vũ anh uiii happy new year anh và cả nhà ạ 😻				Hưng					
01/01/26	TT - CCHN	Dương Nguyễn					Hưng					
01/01/26	TT - CCHN	Dương Nguyễn	Về r :))				Hưng					
01/01/26	TT - CCHN	Dương Nguyễn	HPNY anh em nhá				Hưng					
01/01/26	TT - CCHN	Minh Vũ	A ngủ được 1 giấc rùi				Hưng					
01/01/26	TT - CCHN	Minh Vũ	=))				Hưng					
01/01/26	TT - CCHN	Dương Nguyễn	Bài này chắc bỏ r :))				Hưng					
01/01/26	TT - SHOWBEAT	Lệ Đỗ	BigDaddy hòa cùng không khí đón thành viên mới... ủa	"""1701731734134567.jpg"								
01/01/26	TT - SHOWBEAT	Minh Vũ					Vũ					
01/01/26	TT - SHOWBEAT	Lệ Đỗ	Mng check giup e nha		"""1370348264546159.mp4"							
01/01/26	TT - SHOWBEAT	Nguyễn Hưng					Vũ					
01/01/26	TT - SHOWBEAT	Hà Lan Võ Hồng			"""1184961780437599.mp4"							
01/01/26	TT - SHOWBEAT	Hà Lan Võ Hồng	@Minh Vũ check giups em nha				Vũ					
01/01/26	TT - SHOWBEAT	Minh Vũ					Vũ					
01/01/26	TT - SHOWBEAT	Hà Lan Võ Hồng			"2302870416894574.mp4
01/01/26	TT - SHOWBEAT	Hà Lan Võ Hồng	@Minh Vũ  check giúp em nha				Vũ	
01/01/26	TT - SHOWBEAT	Minh Vũ					Vũ	
01/01/26	TT - SHOWBEAT	Lệ Đỗ				https://drive.google.com/file/d/1i5qtMhkG4yNn_WgihCzCNJI1NV5K4-Fm/view?usp=sharing	Vũ	1
01/01/26	TT - SHOWBEAT	Lệ Đỗ	Mng check giup e nha				Vũ	
01/01/26	TT - SHOWBEAT	Minh Vũ					Vũ	
01/01/26	TT - BEAT THE GAME	Nguyễn An				https://drive.google.com/file/d/1Bgx2GmtqaQ5aKdockSZDCu9zvNvv5NVU/view?usp=drive_link	Hưng	1
01/01/26	TT - BEAT THE GAME	Nguyễn An	mn check giúp em với ạ				Hưng	
01/01/26	TT - BEAT THE GAME	Nguyễn Hưng					Hưng	1
01/01/26	TT - BEAT THE GAME	Nguyễn An				https://docs.google.com/document/d/10i0HZAoi7i7Wm3fGKseyVeexUe5HGMuDl3j5GmDW0u0/edit?tab=t.0	Hưng	1
01/01/26	TT - BEAT THE GAME	Nguyễn An	mn check giúp em bài này với ạ				Hưng	
01/01/26	TT - BEAT THE GAME	Nguyễn An	@mọi người ơi				Hưng	
01/01/26	TT - BEAT THE GAME	Nguyễn Hưng					Hưng	1
01/01/26	TT - BEAT VIRAL WORLD	Nguyễn Đồng Tường					Hưng	
01/01/26	TT - BEAT VIRAL WORLD	Nguyễn Đồng Tường				https://drive.google.com/file/d/1A6UYgA09fxj3Ors7URPushmnkQNvZ7pH/view?usp=sharing	Hưng	1
01/01/26	TT - BEAT VIRAL WORLD	Nguyễn Đồng Tường				https://drive.google.com/file/d/1Z3XQYvjev8Eecy-EHuh3NSHbxIzz97o6/view?usp=sharing	Hưng	1
01/01/26	TT - BEAT VIRAL WORLD	Nguyễn Đồng Tường	cac a xem giup e voi a				Hưng	
01/01/26	TT - BEAT VIRAL WORLD	Dương Nguyễn					Hưng	
01/01/26	TT - BEAT VIRAL WORLD	Dương Nguyễn					Hưng	
01/01/26	FB - Inside The Box	Phuong Anh	Chúc mừng năm mới các anh zaiii, chúc các anh năm mới 8386 mãi đỉnh 🥳				Vũ	
01/01/26	FB - Inside The Box	Phuong Anh	Buổi sáng đầu tiên của năm bao giờ cũng mang một phong vị rất khác.  Đất trời giao hoà. Trong không khí lãng đãng chút sương khói mơ màng.  Vạn vật dường như chực thức dậy sau một giấc ngủ vùi - e ấp, khe khẽ cựa quậy trước khoảnh khắc vươn mình nở rộ rực rỡ. Và con người trong một buổi sáng đầu xuân lãng mạn hiền hoà cũng vậy.   Ta dịu dàng, lắng đọng và thong dong cùng nhịp với đất trời.  Ta có thì giờ nhìn ngắm cái đẹp của thiên nhiên - Bầu trời hôm nay trong vắt gột rửa được cả cõi lòng, những vại nắng vàng ươm ấm áp và hoa cỏ thì dịu dàng hé nụ xinh đẹp. Những ngày đầu xuân, ta dường như cũng nâng niu chính mình hơn. Ta được thức dậy sau một giấc ngủ an lành, ta để lồng ngực mình căng đầy không khí trong trẻo thanh mát từ những nhịp hít thở sâu, ta ăn một bữa cơm đầm ấm bên người thân và lấp đầy tâm trí mình bằng cái đẹp thuần khiết, tình yêu thương chân thành của sự sống này.   Buổi sáng mùa xuân đầu năm, ta đã hiện diện trọn vẹn với đất trời, với tình yêu thương và với lòng mình.  Tại khoảnh khắc phiêu diêu này, ta hoà chung với những biến chuyển rất vi tế của tự nhiên - một phần trong cõi lòng ta dường như cũng đang âm thầm đổi khác.  Rằng có lẽ ta đã hiểu, ta khao khát những khoảnh khắc đẹp đến vô thực thế này nhiều hơn ta đã tưởng?  | Video của bạn CĐB lang thang  Bình luận: Chia sẻ với Box buổi sáng đầu năm của bạn thế nào nhé! Mong cả nhà đều được thong thả cảm nhận cái đẹp của đất trời ngày xuân mà không phải đang vất vả, nhọc nhằn với công việc. Nghỉ ngơi 1 xíu, nhen.			https://vt.tiktok.com/ZS56uHxUT/	Vũ	1
01/01/26	FB - Inside The Box	Dương Nguyễn					Vũ	
01/01/26	FB - Inside The Box	Giang Nguyễn	Em gửi bài ạ				Vũ	
01/01/26	FB - Inside The Box	Giang Nguyễn	""Mẹ giống bà thế"", ""chả khác gì nhở"".  Chẳng hiểu sao khi nghe câu nói ấy, lòng mình lại dâng lên một nỗi xúc động khó tả. Hóa ra, thời gian không lấy đi tất cả, nó chỉ chuyển giao những nét đẹp từ thế hệ này sang thế hệ khác.  Chúng ta luôn vô tình tìm thấy hình bóng của những người thân yêu nhất ẩn hiện ngay trong chính bản thân mình.  Cách gia đình bạn ấy nói chuyện với nhau cũng dễ thương ghê. Mọi người còn có group chat với họ hàng nữa.  Đây thật sự là dáng vẻ của một bạn trẻ được lớn lên trong tình yêu thương đấy.  | Củ Tấm đâyyy"		"1470408238427279.mp4
01/01/26	FB - Inside The Box	Nguyễn Hưng					Vũ	
01/01/26	FB - Inside The Box	Mai Đỗ	""Hồi trưa có book một anh Grab, ảnh mới chạy gần đây nên khi xe hết xăng thì ảnh luống cuống lên hết luôn vì sợ mình khó chịu. Hai anh em quyết định dắt xe đi bộ tới trạm xăng gần nhất cách đó 900m.   Đi được giữa chừng thì có một anh Grab khác vô đẩy xe giúp tụi tui.   Ảnh nói: ""Mình từng được các bạn khác giúp đỡ nên mình giúp lại, em thông cảm giùm bạn nha. Bạn mới chạy nên còn chưa quen, có gì anh hỗ trợ em. Em đừng đánh giá 1 sao nha"".   Ui nghe xong câu này mình có mood cho nguyên ngày đi làm luôn á.  | Chia sẻ từ bạn Trịnh Huy aka May  ---  Sau khi đọc những dòng này mình cảm thấy xúc động về sự cảm thông, bao dung của bạn khách hàng và sự xuất hiện bất ngờ của anh tài xế thứ hai.   Bạn khách đã chọn ở lại, cùng đẩy xe chung với anh tài xế khi xe gặp sự cố hết xăng thay vì hủy chuyến, hoàn tiền và gọi xe khác.   Còn anh tài xế thứ hai mặc dù không quen biết, không cần thiết phải giúp đỡ, vậy mà anh vẫn dừng lại, đẩy xe giúp, rồi nhờ khách hàng đừng đánh giá 1 sao đồng nghiệp của mình. Bởi anh từng được giúp đỡ, nên giờ đây anh chọn cách ""trả lại"" cho đời.   Đoạn đường 900 m ấy đã được lấp đầy bằng sự tử tế và sẻ chia của ba con người xa lạ.   Chính những khoảnh khắc như thế này nhắc mình nhớ rằng: ngoài kia vẫn còn rất nhiều người tốt, rất nhiều sự tử tế âm thầm đang được trao đi mỗi ngày. Chỉ cần mình chịu mở lòng một chút, chịu sống chậm lại một chút, là sẽ thấy.  Comment: Có lần mình đi ăn ở nhà hàng, bạn nhân viên phục vụ vô tình làm đồ ăn quệt phải tay áo mình. Chắc bạn ấy sợ mình sẽ báo quản lý nên xin lỗi rối rít. Nhìn cách bạn cuống lên xin lỗi là biết mới vào làm, chưa quen việc. Mình trấn an bạn ấy là không sao, rồi tự lấy khăn ướt lau vết bẩn. Thế mà từ lúc đó cho tới khi kết thúc bữa ăn bạn ấy còn ghé lại hỏi han mình thêm mấy lần. Lúc bật app lên tính tiền mình đã đánh giá nhân viên phục vụ 5 sao."		"1951612869099096.mp4
01/01/26	FB - Inside The Box	Mai Đỗ	""Tui bước chân vào lớp, đèn đuốc gì tối thui, xong mấy ảnh chị đứng dậy hát Happy New Year.  Rồi lớp trưởng tặng tui cái bánh.   Cô giáo: ""Ủa vụ gì đây lớp?""   Lớp trưởng: ""Dạ, tụi con tặng cô cái bánh chúc mừng năm mới, thời gian qua tụi con báo quá báo cô rồi, cô năm mới vui vẻ ạ.""   Cô giáo: ""Trời ơi, bất ngờ chưa, cảm ơn cả lớp nha, qua năm mới bớt báo cô"".   Cái bánh cũng xinh, các báo cũng có thiện chí tui sẽ bớt kể tội các cô cậu trên đây vậy.  | Chia sẻ dễ thương từ meodilac2025  ---  Trong mối quan hệ thầy trò, đôi khi chỉ cần một khoảnh khắc chân thành như vậy cũng đủ xóa nhòa bao lần giận dỗi, bao lần la mắng.   Học trò dù có tinh nghịch, có khiến cô phải đau đầu hay than thở, nhưng sâu thẳm trong lòng các em vẫn luôn hiểu và trân trọng sự bao dung, kiên nhẫn mà cô dành cho mình.   Các em ""báo"" nhưng vẫn kính trọng cô, cô nghiêm khắc nhưng vẫn yêu thương các em.   Còn điều gì tuyệt vời hơn khi năm mới bắt đầu bằng một niềm bất ngờ, một cái bánh xinh xắn, một bài hát, một""lời xin lỗi"" ngọt ngào.  Những điều đẹp đẽ trong trường học đôi khi không nằm ở điểm số hay thành tích, mà nằm ở những giây phút đặc biệt này.   Chúc cô giáo một năm mới thật nhiều niềm vui, chúc đám ""báo con"" của cô ngoan hơn một chút, hiểu chuyện hơn một chút để cô bớt vất vả.   Comment: Hồi học lớp 12, mình nhớ có lần cô giáo dạy Toán giao bài thi thử tốt nghiệp cho cả lớp về nhà làm, nhưng vì mải chơi nên bọn mình chỉ làm qua loa, đối phó. Lúc kiểm tra bài, cô thất vọng thấy rõ, bởi đây là năm cuối cô dạy bọn mình trước khi cùng gia đình sang nước ngoài định cư. Thấy cô rưng rưng như muốn khóc, tụi mình ăn năn cực. Từ đấy về sau cả lớp học hành chăm chỉ và nghiêm túc hơn. May mà không có bạn nào rớt tốt nghiệp."	"1610125380429406.jpg
01/01/26	FB - Inside The Box	Mai Đỗ	BKD ơi, mình gửi bài nhé.				Vũ	
01/01/26	FB - Inside The Box	Minh Vũ					Vũ	
01/01/26	FB - Inside The Box	Minh Vũ					Vũ	
01/01/26	FB - Inside The Box	Giang Nguyễn	Em gửi bài ạa				Vũ	
01/01/26	FB - Inside The Box	Giang Nguyễn	""Nhìn lại những thước phim thời học sinh, cũng giống như việc ta bất ngờ mở một ""hộp thời gian"" mà bản thân đã vô tình bỏ quên.   Cảm giác thảng thốt khi nhận ra những thước phim đó đã trôi qua ""rất nhiều năm trước rồi"" thường mang lại một sự xúc động kỳ lạ - vừa tiếc nuối, vừa biết ơn.  Những cô cậu học trò năm ấy có lẽ đã trưởng thành cả, có gia đình hết. Rất nhiều người đã đi làm ăn xa, hay công việc quá bận rộn, khó để gặp nhau. Tiếc nhất là thời gian ấy không quay trở lại, chúng ta không thể nào ""gặp lại"" chính chúng ta ngày trước - một bản thân vô tư và trong sáng.  Lại một năm nữa trôi qua, năm mới đã đến. Hy vọng trong năm mới này, dù cho có những bộn bề lo toan, thì chúng ta vẫn sẽ có ít nhất một lần được gặp lại bạn cũ, hoặc đơn giản là tìm lại được chút thảnh thơi, hồn nhiên trong chính tâm hồn mình nhé.  | Video của bạn eine."		"""928159627052902.mp4"
01/01/26	FB - Inside The Box	Minh Vũ					Vũ					
01/01/26	FB - Inside The Box	Nguyễn Mai Dung	Xem được video cậu bé nâng váy cho chị, làm mình chợt nhớ đến đứa em trai. Có anh chị em, thực sự là một điều may mắn lắm.  Có thể ngày thường hai chị em hay khắc khẩu, trêu chọc nhau, nhưng cũng lại là người thương nhau nhất. Mình có thể nghiêm khắc với em, nhưng không cho phép ai làm tổn thương nó.   Giữa thế giới rộng lớn này, cảm giác có một người cùng máu mủ, cùng sẻ chia ký ức tuổi thơ để tựa vào, thật sự rất bình yên.   Dù có chuyện gì xảy ra, mình biết mình sẽ không bao giờ đơn độc.  | Video từ bạn: thuphuong2224v		"""1929174308026056.mp4"							
01/01/26	FB - Inside The Box	Nguyễn Mai Dung	BKD ƠI				Vũ					
01/01/26	FB - Inside The Box	Nguyễn Hưng					Vũ					
01/01/26	FB - Inside The Box	Diễm Quỳnh		"1242042797779731.jpg
01/01/26	FB - Inside The Box	Diễm Quỳnh	""Nhiều khi mình thấy Tết kỳ diệu lắm!  Tết đã là nguyên cớ cho biết bao nhiêu cuộc gặp gỡ, hội ngộ được diễn ra.   Ta vất vả cả năm ngược xuôi chẳng kịp trao nhau lời thăm hỏi, sự đồng hành cùng bạn bè cũng hiếm hoi nhưng cứ dịp Tết đến, ta vẫn luôn nhận được tin nhắn ""Về quê chưa, gặp nhau chút đi"".   Tết níu đám trẻ ngày nào đang chạy mê mải bất tận về phía tương lai được ngồi lại cạnh nhau giữa không khí bảng lảng êm đềm.  Ta thủ thỉ những chuyện chưa kể, trút lòng cho những nỗi đau không biết nói cùng ai, và cả những khát vọng cháy bỏng của tuổi trẻ mà không ai hiểu.  Dường như cái khoảnh khắc được ngồi xuống cạnh nhau trong ngày cuối năm thế này đã đủ kết nối hơn 300 ngày vô tình xa cách lúc trước. Bởi cuộc sống và những xúc cảm của đám trẻ trong một năm qua đều được cập nhật cùng nhau tại giây phút đó - ít nhiều ta vẫn có thể hiểu và lắng nghe bạn như một phương thức nối kết liên lạc khác.   |Video của bạn meiiphuonn2106  Bình luận: Bạn bè luôn là một ""kèo gặp"" không thể thiếu trong dịp Tết của mọi người phải không?"		"""1240817201277296.mp4"						
01/01/26	FB - Inside The Box	Diễm Quỳnh	Dạ em gửi bài ạ, nhờ bkd check giúp em với ạ				Vũ					
01/01/26	FB - Inside The Box	Nguyễn Mai Dung	Trong cuộc sống, ai trong chúng ta cũng đều sợ mình làm sai. Chúng ta sợ bị người khác chê trách, sợ bị đánh giá là không giỏi giang. Chính nỗi sợ ấy khiến nhiều người chọn cách trốn tránh, bịt tai che mắt để không phải nghe những lời bàn tán.   Nhưng thực ra, việc giả vờ không biết hay lờ đi những lời chê bai không làm cho mình an toàn hơn. Muốn thực sự bình yên, chúng ta cần một cách ứng xử khác.  ​Điều quan trọng nhất để đứng vững trước dư luận là mình phải hiểu rõ mình trước. Trước khi ai đó kịp nói là mình sai, thì mình phải là người biết cái sai đó đầu tiên.   Khi mình đã tự biết mình dở ở đâu, yếu ở chỗ nào rồi thì những lời công kích bên ngoài sẽ chẳng còn làm mình đau được nữa. Đó là cách tự bảo vệ tốt nhất.   Ngược lại, khi mình tin là mình đúng, thì dù mọi người có nói ngược nói xuôi, mình vẫn sẽ giữ được sự bình tĩnh vì mình có hiểu biết và niềm tin vào bản thân.  ​Có một sự khác biệt giữa việc làm sai và việc chưa làm tốt. Đôi khi mọi người nhìn vào kết quả chưa trọn vẹn và vội vàng bảo rằng ta đã sai rồi. Có thể lúc đó kỹ năng của mình chưa đủ tốt, cách làm của mình còn vụng về, hay nói đơn giản là mình làm còn dở. Mình muốn làm được mười phần nhưng sức mình hiện tại chỉ làm được sáu, bảy phần thôi.  ​Nhưng làm dở không có nghĩa là mình xấu. Nếu trong lòng mình thực sự muốn mang lại điều tốt đẹp, xuất phát điểm của mình là sự tử tế, thì hãy cứ bao dung cho sự vụng về đó của bản thân.   Đừng vì sợ mình làm chưa hay, sợ người ta cười mà bỏ đi ý định tốt đẹp ban đầu. Chúng ta có quyền chưa hoàn hảo. Chúng ta đang trên đường học hỏi và sửa đổi từng ngày mà.  Hiểu được như vậy, bạn sẽ thấy nhẹ lòng hơn rất nhiều. Bạn sẽ dám tiếp tục làm, tiếp tục sửa sai thay vì sợ hãi và dừng lại. ​ Và mình nghĩ, trưởng thành là khi mình dám nghe và dám chịu. Ai khuyên gì, chê gì mình cũng nghe hết, nghe để biết mà sửa. Nhưng quyết định làm thế nào vẫn là ở mình. Mình làm thì mình chịu. Nếu kết quả có sai thì đó là bài học của riêng mình, mình tự dọn dẹp và làm lại cho tốt hơn.  ​Vậy nên, đừng quá khắt khe với bản thân. Hãy cứ chân thành và nỗ lực. Dù hôm nay mình có thể làm chưa tốt, có thể còn nhiều cái sai, nhưng miễn là tâm mình sáng thì ngày mai nhất định mình sẽ khá hơn. Sống thật với những khiếm khuyết của mình cũng là một loại bản lĩnh rất đáng quý.	"2725295251156460.png
01/01/26	FB - Inside The Box	Nguyễn Mai Dung	BKD ƠI				Vũ	
01/01/26	FB - Inside The Box	Dương Nguyễn					Vũ	
01/01/26	FB - Inside The Box	Dương Nguyễn					Vũ	
01/01/26	FB - Inside The Box	Dương Nguyễn	""À sửa ct ""bảng lảng"" nhé"				Vũ				
01/01/26	FB - Inside The Box	Nguyễn Mai Dung				https://docs.google.com/document/d/1n0hsek9JdRzyKKhaQfHCKH64MfR3vPx2qeli3Be2u_g/edit?tab=t.0	Vũ	1				
01/01/26	FB - Inside The Box	Nguyễn Mai Dung	Duyệt giúp c bài trước, c gửi ảnh sau nhé				Vũ					
01/01/26	FB - Inside The Box	Diễm Quỳnh	"Dạ em check rùi, từ đúng là ""bảng lảng"" ạ"				Vũ	1				
01/01/26	FB - Inside The Box	Dương Nguyễn					Vũ					
01/01/26	FB - Inside The Box	Dương Nguyễn					Vũ					
01/01/26	FB - Inside The Box	Giang Nguyễn	"2026 là năm thế giới số 1, mang năng lượng của khởi đầu mới.  Nghĩa là, những mối quan hệ cũ, những chuyện khiến bạn phiền lòng, hãy để chúng ở lại năm cũ. Hãy bắt đầu năm mới bằng suy nghĩ mới tích cực: Đừng bao giờ để bản thân trở thành ""trái cam"" bị vắt hết nước, hãy trở thành cái cây năm nào cũng đơm hoa kết quả.  Trở thành một trái cam, tất cả những gì chúng ta có là những gì có sẵn. Khi dồn mọi vốn liếng, sức lực, lòng tốt cho người khác và những việc không đáng, hẳn bạn thấy mệt mỏi lắm. Nhưng một khi ta đã không còn gì để ""lợi dụng"", ta rồi sẽ bị vứt bỏ và lãng quên mà thôi.  Mình muốn trở thành một cây ăn trái, một ""hệ sinh thái"" tự vận hành. Con người chúng ta không khác với vạn vật trong tự nhiên, có ""nhịp điệu"" riêng: Mùa xuân nở hoa để nghỉ ngơi, làm đẹp cho tâm hồn; mùa thu kết trái để cống hiến cho đời. Khi tập trung phát triển bản thân, tin vào năng lực của mình, bạn sẽ có một ""bộ rễ"" khỏe mạnh về cả kiến thức, sức khỏe lẫn tinh thần. Chúng ta sẽ luôn ""xanh tốt"", và chẳng bao giờ sợ hãi việc phải ""cho đi"".  Thay vì mang tư duy ""trái cam"" để rồi sớm rơi vào trạng thái kiệt sức, hãy giữ tư duy của ""cái cây"" để tập trung nuôi dưỡng gốc rễ và nâng cấp kỹ năng của chính mình. Hãy học cách cho đi có chừng mực bằng những thành quả mình tạo ra, đừng ""vắt kiệt"" nguồn sống của bản thân để đánh đổi bất cứ điều gì.  Để yêu thương và cống hiến lâu dài, trước hết bạn phải là một con người khỏe mạnh và tích cực.  Chúng ta không cần ""hành hạ"" bản thân để chứng minh giá trị, đặc biệt là từ sự công nhận của người khác.  Là bản thân, nhưng tốt hơn mỗi ngày.  Chúc năm 2026 của bạn ""đơm hoa kết trái"", nảy nở những điều đẹp đẽ và rực rỡ nhé.  | Trúc Anh."	"""633722953130913.jpg"								
01/01/26	FB - Inside The Box	Giang Nguyễn	em gửi ạ				Vũ					
01/01/26	FB - Inside The Box	Minh Vũ					Vũ					
01/01/26	FB - Inside The Box	Nguyễn Mai Dung	C duyệt ảnh bài này BKD ƠI				Vũ					
01/01/26	FB - Inside The Box	Nguyễn Mai Dung		"""2433811667063804.png"								
01/01/26	FB - Inside The Box	Minh Vũ					Vũ					
01/01/26	TT - HELLO VIETNAM	Ngô Tiến Dũng				https://drive.google.com/file/d/15Oh5sBki_HIeH0tf_vYvl55Ll7wqYT7-/view?usp=drivesdk	Dương	1				
01/01/26	TT - HELLO VIETNAM	Ngô Tiến Dũng	Bkd chekc giúp em với ạ				Dương					
01/01/26	TT - HELLO VIETNAM	Nguyễn Hưng					Dương					
